Class,_RMSenergy_Mean,_Lowenergy_Mean,_Fluctuation_Mean,_Tempo_Mean,_MFCC_Mean_1,_MFCC_Mean_2,_MFCC_Mean_3,_MFCC_Mean_4,_MFCC_Mean_5,_MFCC_Mean_6,_MFCC_Mean_7,_MFCC_Mean_8,_MFCC_Mean_9,_MFCC_Mean_10,_MFCC_Mean_11,_MFCC_Mean_12,_MFCC_Mean_13,_Roughness_Mean,_Roughness_Slope,_Zero-crossingrate_Mean,_AttackTime_Mean,_AttackTime_Slope,_Rolloff_Mean,_Eventdensity_Mean,_Pulseclarity_Mean,_Brightness_Mean,_Spectralcentroid_Mean,_Spectralspread_Mean,_Spectralskewness_Mean,_Spectralkurtosis_Mean,_Spectralflatness_Mean,_EntropyofSpectrum_Mean,_Chromagram_Mean_1,_Chromagram_Mean_2,_Chromagram_Mean_3,_Chromagram_Mean_4,_Chromagram_Mean_5,_Chromagram_Mean_6,_Chromagram_Mean_7,_Chromagram_Mean_8,_Chromagram_Mean_9,_Chromagram_Mean_10,_Chromagram_Mean_11,_Chromagram_Mean_12,_HarmonicChangeDetectionFunction_Mean,_HarmonicChangeDetectionFunction_Std,_HarmonicChangeDetectionFunction_Slope,_HarmonicChangeDetectionFunction_PeriodFreq,_HarmonicChangeDetectionFunction_PeriodAmp,_HarmonicChangeDetectionFunction_PeriodEntropy
happy,-0.619717995787078,0.5662764124206074,0.5752136069455057,0.2557938257979278,-1.4771890735568964,-1.048422469343086,0.5527193760629358,-1.4027779328258452,1.1818048303254307,-0.07421931346992969,-1.1030087283218601,1.9797429985403312,-1.0803373585888318,1.2799736922641953,0.11609777591203449,-0.5959965215755035,0.4677894363786625,-0.11411354214658052,-0.8566254925258601,1.862405518657207,2.1050514617993596,-0.7745202752925087,-0.41166275813157555,-0.4404849077821915,0.5024521232085849,1.7482017815372457,0.19972251295350338,-1.0850207843981123,-0.34779966720882943,0.10079314021020093,-0.9057624725632158,0.8316036732150753,-0.7214973015481383,0.053300602389435896,0.1639587266814537,1.2051213374728338,-0.13810375114306325,0.3008577339374604,1.1075744409832728,0.8916783411117231,1.6059403935558794,0.48117939044660935,-0.7744642530908772,-0.6715628981810893,-0.07408403076245092,-0.11698749415028341,1.0181586599756267,0.5553338611015891,0.06630437425198352,0.7401146656005424
happy,-0.6009119863565611,1.5632624515576168,-0.21766398016511165,-0.7174998097665246,-1.5760935052775242,-0.07149229898256478,-0.30836823905546507,1.1647065405450368,0.25207192753036717,1.0466968994405665,-0.2300105895292569,-1.0284391853188686,-0.08635072798901046,-0.2327261607096901,0.2842458274196219,0.8266312044865843,1.0251323625308817,-0.17748622635993497,-0.49679437364889606,1.3353566396163754,-0.7857385057615964,0.21758854399301625,0.9626516316819196,0.3469556064932178,1.479177313499271,1.3965691096901083,1.1667786110581528,0.4794040157766301,-1.4685095523936906,-1.4304593269919426,-0.8038659326078785,1.2667136763826987,-0.6096829550540784,-0.6718195703030821,0.11560915627523072,-1.2352873188023286,-0.4947705528937375,-1.2642184535867214,-1.2085466483423397,0.013968637985451452,-0.7113129606134644,1.1170709112054766,-1.0221088533465779,0.19943129897627843,-0.21346631633616078,-0.35742548332193014,1.0484740953604315,1.0492654042247767,0.47060922472205,2.0363440561394426
happy,-0.6573855121207423,0.05156685126304492,0.4020226158506321,0.19105139729596723,0.00693555177536642,-0.4257331300208936,-1.2901552181020752,-1.5331581289440603,-0.23507052980957147,0.40582200777866906,0.8983905848709495,0.8955167221136342,-0.864374575899969,0.5479459717604105,-0.8191198965955863,-0.4500650875309911,-2.1408463765448773,-0.476080598957901,1.7468073247439608,0.9310159485198028,0.15887645839222245,-1.2702613553584337,0.169180366381571,0.7183699732620743,0.03986358587818985,0.3925678290701563,0.48051142664617674,0.45365786579758194,0.41997625828939045,0.4083486594195387,-1.0079269660858383,0.677052981693082,-0.3837445555622366,0.23630042435656864,0.8348834252410176,-0.29657767329607543,1.6066196615934256,1.783186086730462,0.4382539693269262,1.1139253496953858,-0.25852706344839826,1.113237354276257,0.8492529419577761,0.9411680163759618,0.9163543974389825,-0.27663703412000007,-1.4861662776844853,0.5553338611015891,0.7112256136408522,-0.4094299872146836
sad,1.2772844271060553,-0.42876771455366014,-0.7490076242123489,-1.8560727714725649,0.8743095260804544,0.10706172789587526,0.18341014259337313,0.558031254639938,-0.9302370984832927,1.4845579400564668,0.23981915656770303,-0.7574154460946232,-1.5586837660139297,-0.9419322420232003,-1.9762454695111549,-1.8060777661472034,-0.8146792214039332,0.8037684084308482,0.3112571498663594,-0.6495071387722168,0.15887645839222245,0.530048419503717,-0.5281888030608691,0.14131091770359427,-1.3766901061839845,-0.8485438598696882,-0.8061756678070309,-0.6756304440687383,0.5364660870912495,0.47812364137259994,-0.6515208700533014,-0.6404693656781566,0.2804075833138436,-1.0269546603331836,-0.5442395019695877,-0.18027271262556732,-0.6334896691295018,1.162191452704735,0.013603921956992414,1.5670132662172889,-0.7697471009445315,0.5370422337627058,-0.3101329191201317,-1.069592668391348,0.9403224153512529,1.3939414716200131,-0.38176442434374214,0.5553338611015891,-1.30393231606211,-0.041494244794421674
relax,1.6817597729196383,-0.028980528932599375,0.19182619849466942,-0.5310554052714997,1.1348976563472566,1.0133635426868652,-0.5008344563245486,0.011194680136045973,1.4179486122490366,-0.09410860516313523,0.7606373538595813,0.7809857767320495,0.8285945367547263,0.5112160618220275,0.4536394655595229,0.5952704835182412,1.6546273304850958,1.1133400140185417,1.978411973644279,-1.080299457015871,-0.017690719589831906,-0.5490830414561276,-1.0385852145959684,-0.31457137113652855,-0.9843285521077456,-1.4596477326135047,-1.4057742575543641,-1.266397507075431,0.615760614442043,0.5662458461289858,-1.264518571920538,-1.3233701474256039,-0.49404493725104015,0.8584243375158125,-1.099390624000307,1.5412562967884063,-1.1260589285200533,-1.1056468911494548,0.6609220971169372,-1.5620002941881685,1.5179671000989885,0.15050727336185535,1.6649198038194488,1.4389513512283103,0.635600434485268,0.9327052730149095,-0.42310999923950343,0.5553338611015891,-0.8497136247699631,0.3414849881296938
relax,1.1405219526930017,-0.08256945311950539,0.0967137468253182,0.33883065862488493,1.5843848712613153,-1.344785479530363,-0.9438603642226192,-0.9990141217203862,-0.21705266200740386,-1.1150253087991653,-0.877025989232382,-1.8067433676629685,-0.555045654235368,-0.3199837312875809,-0.8096862233554565,2.064362595725979,0.6352161512645684,0.7576392492553866,0.04726639778629414,-0.1619593411678517,2.5153853791824794,-1.3228948661875908,-1.4721510423667967,-0.6969691085041401,-1.2081566830099368,-0.955505694200428,-1.208373603174458,-1.4020480108971076,1.7543721478467604,1.757790954304583,-0.9568111485978716,-0.7882423068489443,-1.390874711481695,0.686802096960004,-0.28641974931794534,-1.2649930034783257,0.810057064500216,0.004552256746798713,-1.101098331995577,-1.5990927845917617,-1.5447268669509968,1.1170709112054766,-0.7543294663098579,-1.1384314257382986,0.1526567958245441,0.8375969368078797,0.2147133137221022,-1.6646308839833956,-1.3471503005710748,-0.041494244794421674
sad,-0.6009119863565611,-1.5221072947770977,0.7216844194655266,0.8877873919509205,-1.0602844178253163,2.197318595922737,0.3043918586914945,0.36492167103978457,0.656013906700303,-1.1695773829116107,0.33406402845510674,1.891522097132034,-0.0270442745408074,2.646845913127346,1.2052567315527027,1.065819254152439,0.26991454860715575,-0.6026971387933807,1.2075764916713538,0.1722592503689403,-0.3889320719250584,0.06326633542538844,0.696491289431041,0.7183699732620743,-1.2081566830099368,0.9598040498460192,1.029529653056855,0.49454305757963735,-1.2408698052609912,-1.0426886340456543,0.6932386340728595,0.2865765675520074,-1.3786742610948532,-1.286995242071608,-0.6009290092036762,-0.8377930728507358,-1.5550300360035838,-0.838636934312582,1.541637889079782,1.5670132662172889,-1.2143287603309143,-0.19721057755342566,-1.4710892065288574,-1.4001027546473064,1.3361266336397621,1.1662569840077999,-0.257887803049431,0.5553338611015891,-0.4193745758191376,1.586874926112765
happy,-1.0381902827755047,1.3113401987399282,1.0526126978040493,0.5207048783968546,-2.018126946127132,-0.6276732644723398,-0.5355941468776696,0.2113869235406394,0.8129999841977297,-0.11396560051940796,0.7606373538595813,-0.07790988050728578,0.2935594852677485,0.17526597883022998,0.4036891348419191,-0.23196264879851125,0.18690844282157543,-0.3328710615654967,-0.8633399194995688,2.1944724900707198,1.3792947382406369,-0.26535529570754574,-0.01142292677057275,0.23060378937971487,0.6500944377553144,2.00583726842564,0.6740901500014068,-0.6806649390653389,-0.857728096055755,-0.4006771194481893,-0.6008718431750883,1.3235409344760216,-0.8038306887168885,-0.4918515621655657,-0.7883512237579137,1.0302270841621832,-0.8929580888320077,1.7712091565100188,1.279492079781817,-0.26338044390073695,0.5165494515182374,1.1170709112054766,1.449226181064889,0.9983643884346458,0.3019813102234339,1.073551456273653,-0.7860067647169958,-1.1767033852242212,0.7359429086207688,0.7401146656005424
angry,1.0889812402504337,-0.5345483787024237,-0.505958102324948,-0.13796034150071596,1.1177884503041817,-1.0756435107240847,0.37981076605359304,-0.6496051829968769,0.5836020342829756,-0.278179103240041,-0.7029594277137166,0.6087188642895701,1.2177810335069126,1.5402780630954946,0.49367666477809763,-2.359533766288248,-2.0727069106022777,1.4796285628823718,0.23238346335352145,-0.3055982072275245,-0.5840291665151329,0.07945029900468581,-1.3955342991937254,-0.12896290426727378,-1.0259161536163546,-0.868100046227501,-1.0086772337343237,-0.7387151678381393,1.863545490913161,1.7468293555280754,-0.49977187825246844,-0.8242692541529305,-0.10699519248004023,-0.016590705780345997,0.14474735163525287,-0.009417034382023716,-0.7031340061592042,-0.6266010909553743,-1.1843075036301827,1.5670132662172889,-0.056372982524461136,-1.6910421809450635,-1.5287509243340454,-1.1015199197673096,-0.4061517268034133,0.27120370844696995,0.23517951330920073,1.753713233871858,-0.16355215407490847,-0.7629059451836033
angry,-1.1152672729601334,1.3392433341564298,-0.7255834467701892,-0.41820805475626177,0.049918771321126244,0.25389452564717707,-0.1475158600253152,0.8892561154237565,-1.34821702776698,0.1399321447598012,0.37320594417582265,-0.5719210463388669,1.1352305406140693,0.6586136592233223,0.4536394655595229,0.9862092823018624,0.1661857710811306,-1.05524707210628,-0.7217636955324129,-0.2220207298561064,0.4949068471848828,-0.7667916120415792,0.4452327621268886,-0.9959418186864901,-0.5477342404332265,-0.14389910036193043,0.10147588134530232,0.22306541564225799,-0.4300452827062877,-0.5224357391755184,0.29965429723287224,0.2865765675520074,0.17740651252360443,0.8369136206220958,1.4815977436135004,1.5771095101853325,-0.45739972385639277,0.7135093547588905,1.437534732804455,0.7629851729661594,0.7681906619464253,1.1170709112054766,1.2884019959187603,0.0948748381162095,-0.3299734240428517,-0.687165175584408,0.2556389924591802,-0.3264161565739422,0.1312094901372228,0.7401146656005424
happy,-0.3766693166355116,0.6209167910997457,0.55605878791743,-0.11973627177672812,0.11923737031242257,-2.0986612078654625,0.5039313113494495,0.8256538334236783,-1.1632573327405138,-1.8918067861489405,-2.1626289194710577,-1.6691070729249686,-0.2817680964167318,1.2512684217330405,-0.5055741785559694,0.6487527639535816,2.032432828177558,-0.3252520137752607,1.215083102530207,0.6266104478849921,0.15887645839222245,0.06326633542538844,-1.0902674286213485,-0.038004021402717365,0.20058191963203315,0.44902739815948517,-0.5860789967196532,-1.15025751226501,0.8999290008671438,0.97697985470991,-1.1103606406650919,0.10261351363389735,1.527955028911805,-0.9258030916208249,-1.3374390654901238,-1.1054240189109448,-0.2504597539870832,0.4187823766912845,0.9478819938996069,0.4473902356555113,-1.2399019543191332,-1.200386663055192,0.7177671663691617,0.49129633002972467,0.797843199736905,0.27120370844696995,0.5210075592180072,0.5553338611015891,0.21926724865221714,-0.041494244794421674
angry,1.3622637243997182,-0.24281177207523783,-1.542321647919885,0.06288266906935384,0.48871336759064243,-0.6639873173107648,-0.8774081705512383,0.5435028841246468,0.571536070276158,1.1985833007687494,0.20830787683171081,-0.833496647025784,-0.2647417529819064,0.3650962082647167,0.26439884738594194,-0.45917346636094436,0.06274631684059336,1.7149544291475967,-0.1850021743263452,-0.6951973213350156,-0.7857385057615964,-0.16180477074719712,-0.46895517293856004,2.087711936359208,1.2049415628780131,-0.6402743474908771,-0.5517717294198905,-0.3475078413147217,0.763432944917689,0.751890714683845,-0.298360127692049,-0.3672082880046625,-1.312488496502913,-1.286995242071608,-1.4914176754593849,-0.7139810350611038,0.9746972074424958,-1.2642184535867214,-1.270071558511113,-1.0269307441920508,-1.2787078966941596,1.1170709112054766,-0.6751815032289306,-1.2231788922736788,-0.6276821802869883,-1.0566777643160532,1.661944933782561,0.18668629269175016,1.7403679666957919,-0.041494244794421674
angry,-0.10001299600204296,-0.9281222179967524,-0.16939611064022891,0.5718891676034916,-1.689768919496201,-0.13696661090718074,2.081220980188168,-0.5893848300284416,-1.1990739251263085,0.9462631544260723,1.3139277051682663,0.6005014170566971,0.886753601770158,0.5112160618220275,0.18518367259268723,0.04832140786436054,0.332289887568894,0.8398961644028572,-0.1850021743263452,0.652138846095953,-2.4033289767190875,-0.6115452583835964,-0.05602455040417185,2.358095876925462,0.15043503179670742,1.285769529997124,0.30033947999748545,-0.24804851587760318,-0.1863702189950986,0.028300374694186396,-0.1980459729848962,0.677052981693082,-1.360470540064085,-0.9357379756097821,-1.4792863829093892,-1.1768097709322018,0.8512066487674175,-0.4913597895019315,-1.270071558511113,-1.4236913496141357,-0.8295774147523038,1.1170709112054766,-0.0658802578675544,-1.290773292126285,-1.2169194599083837,-0.8277414048544254,-0.36110161659683476,0.5553338611015891,-0.06063450442797658,-1.4287023350506782
sad,0.009537843234099891,-0.10933112756840359,0.769051948521949,-0.43323011110367377,1.571453793396567,1.1703237340370232,-0.9438603642226192,1.4973115410159419,-0.7687036371290763,-0.6757215831325264,0.04207073426656656,-0.9520700493417656,-0.4352894793582547,-0.5701615660092427,1.5268819605342483,-0.07805881063687871,-1.3051139448435964,-0.33935373299287275,-1.5023222937145995,-0.54138932406249,0.32967777138091864,2.2280742030606877,0.02088913133203769,-0.7970547479509174,-0.15437805480767047,-1.1462604256219227,-0.5436589741005968,-0.1505914226719016,0.03945085108275339,-0.2521614684198975,-1.316040483157614,-0.8599365931973425,0.31956095903156445,-0.9060511447807467,-1.2242579110385974,-0.7382398419530964,-0.5327721040234615,0.3176807869964446,-0.1825039366192179,0.49051933394204683,0.8151711258965535,1.1170709112054766,1.4473263356505048,-0.7395865249395981,-0.11429180825636649,0.5709337214171007,-1.0986369356171302,-0.09822425798124043,-0.7120547497578614,1.1550259030532832
happy,-0.13666998138273015,-0.349203237777179,0.29665874952285626,1.9856439613532852,-1.5668598604880437,0.2173146682002881,-2.195187242710767,0.6842457754181557,1.1576002094928484,0.13318483952137486,0.05001769839679,-1.2070653714723676,0.3439774422953542,1.0137598686593368,1.1331782037329117,-0.5320998168944227,-0.7945195682916466,0.13762242826742208,0.6738708062693985,1.7731634453812022,-0.20022431741728172,-1.3379069175964136,1.6247434420471023,0.9399540107953891,1.2465135106544283,1.6719657951805806,2.096506004691503,1.577076572266989,-1.669042681442735,-1.490136567433379,2.0398181150885577,2.1150858714114076,-0.06344490395634385,-0.171956355178463,0.015603907248580661,-0.5848720679316638,1.227350009009038,0.9571683065258344,-0.6505581864690922,0.027922019240232677,0.34203630183941397,1.1170709112054766,0.6814638321554805,1.0303847121883363,-0.053863906807501735,-0.4116460118285579,-0.5162344577428937,0.5553338611015891,0.613558919927917,-0.041494244794421674
angry,0.009537843234099891,0.6209167910997457,-1.84180033455639,-0.2894629784265068,-0.4875084962356687,-0.6446104721303698,0.7808537018042166,0.2640675268073512,0.11361022474764368,0.04579240316508673,0.821970912412812,1.7066221542712698,-0.4182063967391038,-1.5233501399732996,-0.8285494050145061,-0.8707397492510685,-0.009488106525874642,-0.21565259713070073,0.6958389105275233,-0.8502805330215385,-0.017690719589831906,0.12808774145653515,-0.2554501268665074,-0.5356467566364455,0.47057462735989175,-0.20750920562422237,-0.1969474906778733,0.36400695918980613,0.661234965312361,0.5836152637426392,0.8885302322844395,-0.6404693656781566,-1.0192807113682818,-0.9357379756097821,-1.2859603871599583,-0.6544027062665728,-0.7327658976206939,-0.1541737652757789,-1.232996558816732,-1.0114866222575067,-0.7218355835832184,1.1170709112054766,-0.04269139829146741,-0.763989549750018,-1.0568768360480698,-0.8845084078434146,0.6532771576990026,1.753713233871858,0.19708877014429427,0.7401146656005424
angry,-0.5446045353096465,1.9019409443349344,-0.8034987093209981,-1.906131564990723,0.7013332237779689,-1.3849412569041522,-0.3045298491735328,0.3986212094609853,0.10759258336897536,-0.8943075567794361,0.29484775934800533,1.0587052581933434,0.8784494055577607,-0.8498446782219715,-1.6517665062926927,-0.3590723801012713,-0.8448974386167512,-0.8170833321787562,-0.21992906963437087,-0.434299000123175,-0.017690719589831906,1.5404810435948084,-0.9797137693948315,-1.1131977470447352,-0.013238014814787116,-0.6100829229913097,-0.812700823407996,-0.46720928754587765,1.2670313920752083,1.215604324022004,0.051606297662683015,-0.7150958356207141,-0.6233864694438875,-1.1430051615664052,1.5256826618183859,-0.47355208024101086,-0.21232379896582723,1.3112199969885405,-0.5356452102125754,0.09312214874591576,0.12071577865263096,-0.7636795313381675,-0.6557351244561782,-1.1015199197673096,-0.8390098588871533,-1.085648086172933,0.9676020472955204,-0.09822425798124043,0.4238896750791091,-0.4094299872146836
happy,0.06407853144561378,0.8954364630941105,0.7788588426589291,-0.7807494001793893,-1.0049689463146259,-0.20039035191262522,-1.0143753362084196,-0.6912168248643747,0.5112178108380475,-1.1332367095732367,-2.0571264456705576,-0.7912152777223066,-1.9884740835563122,1.0610177731049688,1.8418534721553963,1.7072825411509194,1.2587608834218753,1.0210365835206285,0.6958389105275233,1.9157301094706967,1.6372748848780414,0.7299758578131433,1.4036371427308978,0.0816169246337344,-0.5025409912951919,1.8892303318121433,1.8704795852437646,0.9160728015248821,-1.8365722831045146,-1.6426251338498379,0.5952193567448971,2.2460031449805458,0.0823596550901144,1.3787995598015885,0.7934284224106232,1.8317119264687145,1.6849776575240807,0.14077808892869892,0.5870763136557304,-1.5375088636818823,0.35484585469180796,-0.8575986860896503,-1.0775778706067425,1.0599783447941458,2.2007499758983586,0.9090197239970172,-0.5680279758541622,0.18668629269175016,0.24155589173375097,0.3414849881296938
sad,0.280696262001398,-0.16278891975891757,0.44715957518941657,1.17246863634464,0.2528496771975408,-1.3397710381367198,-1.081120467849241,-0.8432480061662538,-0.7507450047073755,-0.5170591287937133,0.8525715920600145,1.131978551301554,1.5220528147237866,-1.880905233816055,-1.868604118486933,-0.8707397492510685,-1.3944848905980984,0.3949152085121023,-0.30346614218161866,0.44374670618919215,0.8093896282425456,0.46384825900834725,-0.4041112303273832,0.05207752420368434,-0.19479867381339905,0.027934397831939198,-0.13280066902830578,-0.20699402825227053,0.6136861151907849,0.5641179894837697,-0.298360127692049,0.3813240763435406,0.2280083691333085,0.4838582039512554,-0.011838686331613918,-0.7382398419530964,0.5968917697357191,-0.24475361915810465,1.0429920889045414,0.9881174366017615,0.3707336243942857,1.1170709112054766,-0.2719963996042092,0.9740351081261295,0.49988473464239536,-0.743167105379305,0.4190747186004357,-0.914856684771406,1.3390109397242904,-1.4287023350506782
sad,-0.619717995787078,0.24027656231835492,1.0550719528409633,-0.5874080471824584,1.0739787885085124,0.08860950049556995,1.8816309445409214,0.6842457754181557,-0.9481746846083036,-1.8518078901441468,-0.013645633219394798,0.03857355189786034,1.9466779977335502,0.8820892685140702,-1.0629502967921267,-0.15947647193023623,1.3440424688270487,-0.7284509741156966,1.978411973644279,-0.7198376563390829,-0.5840291665151329,-1.4127945750702537,-0.7523487631576541,0.11195593333742955,-0.21931235290666296,-0.7994416861730844,-0.5211668251178584,0.2942141865125348,1.2009168711514278,0.9888278952618702,0.6442602335337454,-0.5643345810545133,0.1580998825612874,-1.2307092832187507,-1.37226836905074,-1.2649930034783257,0.25248556265683675,1.3371250882715677,0.049113955745916114,-0.10061764698322737,-0.021253082755269798,1.1170709112054766,0.29461093927806326,1.295241470240716,-0.4625121294430693,-0.4116460118285579,0.7649856243866928,0.18668629269175016,0.47060922472205,-0.4094299872146836
happy,1.2943107285324196,-1.598738265707581,0.11332854611883979,-0.7294220703902974,-0.5705969749061887,0.7067333135140865,-0.8774081705512383,-1.017282762699006,0.08954088425413989,1.3226183800726128,0.16885043428964255,0.15478097689002118,-0.18820198921333278,-1.1244523317776125,0.2842458274196219,0.6487527639535816,-1.1955885482196646,1.5220738918452947,0.04726639778629414,1.2882490528033976,-0.7857385057615964,0.09564853150333714,1.3720075634420126,1.631897338824,1.3877225642596183,1.1397084112559779,1.6750322475609212,1.361748447808138,-1.5202172592791856,-1.4382121077423995,2.275359306522432,1.6161640458665851,1.3248126432272795,0.04079558864341738,-0.22886566401276387,1.7499516930369505,0.015269079596466869,0.6654475284628867,0.2981322161688878,-0.07509271076518435,1.0805252987006293,-0.43170711900695447,1.7029670713420584,0.7375513470943549,-0.6096163395429033,-1.2906812983162412,-0.5369469329382596,1.753713233871858,0.9639208830183462,0.3414849881296938
relax,-0.7898082309998274,-0.2161593278028755,2.1571452479282325,0.3333857482357701,2.1558715057153313,2.3732727658111417,0.9000197100186401,-0.5661867243703885,1.5755253545199364,0.8535968360248894,0.8983905848709495,2.155785077049948,-0.7094629335990376,0.9666243010093601,0.13581490035912414,1.8643239020522064,1.7406993575995278,-1.2432459358918315,-0.6946587983663842,-1.3829840219924225,0.8093896282425456,0.11186101745904417,-1.3321632301555801,-1.3416004291732693,-1.3766901061839845,-2.2246600258513047,-1.620102365254052,-0.458910331156793,1.6220371922295245,1.3445951994553063,-0.09799139860415007,-2.0974583945813103,1.4026477960983432,0.8001593904696275,-1.0624584541767956,-0.33689062656133556,-1.4828086704864103,0.37110625906555533,0.12489541842292204,1.0280447762143123,1.6059403935558794,-1.543321707450795,-0.8930431694251618,0.5238502701413699,1.3872631819413803,2.6664940885060413,-0.5058806900660969,-0.3264161565739422,-1.8161016696138286,0.3414849881296938
sad,-2.044874345558635,0.7853649213248476,1.216865400044336,1.558463870049553,0.8607760480510341,-0.4376844719450286,-1.5246144324626576,-1.4612938539758984,-0.3431371639568729,0.5164420467792382,-0.5795464644081506,2.4745259116408724,1.5548390646468149,0.6586136592233223,-0.5533811460945056,1.66358254736062,1.4188053055436074,-2.2790115236683888,-1.3006859383923555,0.5258438001353684,1.103744397227571,-0.4785604630042124,0.9661404631363419,-1.0294090986965727,0.08461094968671619,0.18093692516162105,0.7930609414801408,0.7864985970622935,-0.476464717393782,-0.5797103376632645,2.0398181150885577,0.2865765675520074,1.308383698350679,-1.1215203881201656,-1.37226836905074,0.42007266915786146,0.569536744995486,-1.2642184535867214,0.571832714183639,0.25661621702333015,-0.35576112439946805,-0.08613424429724158,-0.7095379414374072,1.4389513512283103,0.3453795377273229,1.4163947292348882,-1.1613343775399032,1.0492654042247767,-1.1086866758473921,-0.4094299872146836
angry,0.9508524064895446,-0.3226381106021814,-2.181790612273763,-0.4783110196785252,-1.1269754525441689,-0.478385256454451,1.443154201117096,-1.5196965278944128,2.243453157953747,2.3256977592424892,-1.2042251258327041,1.034258672708202,-0.12876061769029393,0.023228122620850947,1.7996475898502018,0.7822182536691884,1.1524026207725766,0.8105937282851847,0.9687165631837011,-0.47815882627467177,-1.4328909161983094,-1.0811081167872938,-1.248238670603953,0.5202556858246281,0.8395116222035963,-0.06911770246663196,-1.0672785061874606,-1.5952900902152718,-0.4203150019195867,-0.004421762182046756,-1.9396705350731518,-0.8599365931973425,-0.17399167143106012,0.4838582039512554,1.5256826618183859,0.3595625782827783,-0.9509070981985299,0.1639846052215431,-0.0007915765538073805,-0.808272413846041,-0.5098919902534595,-1.327682391670879,-1.1113546973192832,-0.8849592823125902,-1.0568768360480698,-1.620984967960923,-0.5058806900660969,1.753713233871858,1.5363066992954209,-0.7629059451836033
happy,-0.26552593689662907,-0.8236479412382898,0.46886589790008737,-0.25781596172215765,-2.008551421831554,-0.9522059516310528,0.16068277728185706,-1.2356004245064067,1.327092357325868,-0.757383945422267,-0.36745687384255393,1.6018474470068975,-1.114977559474436,-1.1491734417193578,-0.6771742074127749,-2.086863985083902,-0.41948427393690646,0.6940230530046861,1.5783734340939675,2.0068024306797336,0.4949068471848828,0.3649658366072923,0.08576642347777949,0.6443092149497839,1.0094949256141423,2.2689176097700408,0.7497105325017048,-0.6263832783290466,-0.6027355575289288,-0.21222146507075298,-0.6515208700533014,1.2104400749725348,1.3329562247696223,0.8548668967244379,-0.337443400580863,0.2749024377464695,1.6849776575240807,1.1988679096468593,1.4622119363404247,-0.6728373083314051,0.6294390285204048,-0.6861217206286064,-1.3710654930140744,1.4340496260638054,1.6486372955667903,0.37215928850185304,-0.16513900150482247,0.18668629269175016,0.3546686511515961,0.7401146656005424
happy,-0.41386108990566406,0.2943906820081006,-0.33057307149959214,0.8114771202273702,-0.5364479532108084,1.0177401501157486,-0.09405989541260996,0.1635845402520671,-0.036769213917896226,-0.21932243981508107,-1.288935384276462,0.4111365618581251,-0.6751050223237614,1.932337545596461,1.4539133720588817,-0.3227218495955027,-0.7743485423433467,-0.2212478033870814,0.068531419051401,1.2233996922082655,0.6547506322233296,-0.8670178653263326,0.8187625950161926,1.0762706529115253,1.554720155299528,0.6433966149169644,0.9090090270433269,0.7488141759256625,-0.8473324187620916,-0.8445210226023658,0.200626461855494,1.0995334514222248,0.8744214724549373,0.8864923654647119,1.0022136425779415,1.6772243783463907,0.5133604012938359,1.1021276175134083,0.8358496256243452,1.5670132662172889,1.2636668307271404,-0.6068648417029426,1.203443144058598,0.45573019352889266,-0.053863906807501735,-0.9130079806055637,-0.4955285707401939,-1.0136653486488496,0.6621528158928918,0.3414849881296938
sad,0.11846387343174263,-0.7450638460735703,-0.6978017259722259,-1.5535782049988252,0.0560486603047583,-2.5073016716240555,0.7920402363530928,-2.1154011694755246,-1.8482834819058784,0.4127096982346318,0.16885043428964255,-0.127916939010639,-0.2988007841096085,0.28346820032610964,-0.119146221457726,0.021267334470811774,-0.3582884068005024,0.07618693325709595,-1.5668734475128558,0.7746367864683182,1.103744397227571,0.9065305756372858,-1.3247487359910217,-0.9284267506239906,-1.2081566830099368,0.7012748736840487,-0.6487728753981961,-1.4264860595487385,1.2406645207305194,1.5260594735533328,-0.7022361266905337,-0.2441279212004607,-1.253634384909362,-1.286995242071608,0.30878229796458756,-1.1768097709322018,0.0278721143843992,0.7384097540047989,-0.36478453245722503,-0.5919839967038506,-0.5341625756405304,1.1170709112054766,-0.6996792429119315,-1.2471477285429549,1.2099176947994752,1.659689544404973,-0.2785171664976865,0.5553338611015891,-0.9493283640035526,0.7401146656005424
sad,-1.0766900707128053,-1.2394592274799159,-0.8456927532192573,1.3012309311965398,-1.3608875892638927,-0.32094941098279567,-1.5166351504229905,0.8696722929525252,-1.1990739251263085,0.974891004868207,1.3139277051682663,0.9036880212814943,1.4564177101611249,-0.5187447897323438,-1.230158762948648,-1.4152252322388186,-1.7105287665882487,-0.7219427183696615,0.7031668797310162,1.534384565031659,-0.3889320719250584,-1.583960043914947,0.7439000604780155,0.8293222929933659,0.3791680981051153,1.596214294198214,1.0347186671981992,-0.16362355529303474,-2.008645077243216,-1.8339618594515963,-1.316040483157614,1.3235409344760216,-1.253634384909362,0.8899525525543396,0.6532221447652073,-0.7627473899384261,1.4756397496167646,-0.11047279914639384,0.42703973944863843,1.5670132662172889,-0.5735203189911873,0.9803691459660856,-0.4190374073181657,-1.2664598265051148,-0.23307255751557168,0.4720644962817554,1.751993869622373,-1.0136653486488496,-0.45726797785418055,-1.1024834560735084
happy,0.4948819042956561,0.8678856020629931,0.9944326251737244,1.8721439136731843,-0.0856119777927087,0.8109696460795287,-0.1780980498111342,0.548344868055107,2.1340202242401074,1.1116099883197226,-0.5713463934799243,-0.2531622901482354,0.3103715495545086,0.8820892685140702,-0.6771742074127749,0.8798773476621077,1.5472756501950244,0.6831140116736217,-2.0813056886655303,0.10244653141896223,-0.9942910004250759,-1.5097228670486014,0.812096973842294,0.5765200138702228,1.9681302633248687,-0.09054652270851392,0.5498588857377084,0.8673602380582092,-0.560370847621954,-0.652672272229906,0.6442602335337454,0.42940455774806086,0.45485500175393334,0.6239277183836848,0.2605788840795444,1.214751707342574,-0.6392153867830292,0.2923768363567322,0.44938731545563715,1.1264808279199734,1.6059403935558794,-0.3115914071488147,0.34100451747889327,0.3349996641814582,0.08986916484506079,-0.6037282604057996,-0.6924994517554949,-0.09822425798124043,1.1751332874645,-0.7629059451836033
angry,-2.0246204536042645,0.10537447727883682,-1.9223975060259346,1.5919713067506667,0.11109964423933485,-0.12291098673144961,0.7510079172398079,-0.3096352199980724,0.42077679441422383,-0.06758237961390029,-1.0274102476144802,0.05519140911515374,0.7953295689256673,0.3469214519873358,-0.46725008306350907,-0.40454800088769427,0.2906948528249139,-1.8706294689312695,1.0207422679236804,0.5272883464863963,-0.017690719589831906,-0.735845135336475,0.31947004110786953,-1.2479393610691918,-0.11449366119884617,0.16992582128163633,0.3629535636751842,0.5380090233343129,0.03038519844767036,-0.08659631159969709,1.4685077701900386,0.1479235179836274,0.6119502334904535,-0.6364128610041545,-1.2802963397347638,-1.1195515864889765,0.9677399396205858,-1.0886164987990214,0.7624740172067296,-0.2168959838254843,-0.364813157209632,-1.5215254823659283,-0.9838817861472874,1.4389513512283103,-0.5182165757776293,1.003398664917588,0.541374535165653,-0.09822425798124043,-1.389698706121624,0.3414849881296938
relax,0.8291614092143667,0.3757261885312183,-0.4649116463918011,-0.6829745033698148,-0.14557674219471894,1.3260968465027996,1.026259194780864,1.1449534174484433,0.6801572991442203,-1.0724247828110156,-0.3593452625768205,0.7400213944659186,0.7037329207943311,-0.03894820562282148,0.4536394655595229,0.6398428855592235,-0.6733218249815422,0.9485468984941662,0.5935244022116724,-0.6258903029493731,-0.3889320719250584,-1.0278103457965233,0.5515120743226418,-0.09884761625149445,-0.4846379359824228,-0.22861266812659053,0.23909760627771837,0.6137863380022273,-0.3214125105244798,-0.3851498680362781,0.4477204797726282,-0.11731753341856635,1.527955028911805,-0.7907586961432634,1.4707591874231014,-1.0773900128152274,1.1064692293363816,1.097690424445574,-1.0894143978409252,0.6015421988505755,-1.1082209881894354,0.879604793247255,0.3961173147581607,-0.5974316168644688,0.8924753260582966,0.7415044437749266,-0.30947379035919687,-1.1767033852242212,-0.5686784166265404,-1.742081689923591
happy,0.5303467264550915,-0.6136550291283099,1.1901008639883321,-0.6195872896557821,-0.32283043319021715,0.4107074225960313,-0.4738238562157501,0.757305660400697,-0.8165831453773231,-0.08748242774364944,-0.5877499770345804,1.0424087699036182,0.7786885318689664,-0.8162190003065396,0.4636423605033265,-0.03288556458351028,-0.22532816387007554,1.1064804320923025,0.44826319282274757,0.6029345597430673,-0.017690719589831906,0.9318749847667631,0.7766434598002045,0.5765200138702228,-0.405282951609198,0.585842070638724,0.8091967570588711,0.7199409251116154,-0.7494011090973343,-0.7673838297462544,0.2501721786313376,1.0448903447912825,0.5390677282816532,-0.5502421912130656,-0.09263857274141801,-0.8761919921294887,0.6148647460752852,-0.39532404583503605,-1.1843075036301827,-1.073755697154047,-0.7377038114506475,1.1170709112054766,0.05907095020917066,0.5163775926592827,-0.11429180825636649,-0.6592776760475241,-0.3301199096157262,0.18668629269175016,0.541556930759348,1.586874926112765
sad,0.601078974507203,0.3214806035606541,0.445755671210562,-0.6420819515433901,-0.11659633396864907,1.0133635426868652,-1.203209278678706,2.0603768383008294,-2.370524680341841,-1.4209666135538932,1.5224826488189331,-2.75296997803493,-1.253773451226666,0.8446459382026444,-0.5342714020672553,0.003223010965752868,-0.9353998800454962,0.8025054767029023,0.6154053153570315,0.06550644761326341,1.9937976401194422,-1.5468763131229473,0.6848310160248701,-0.8614784774243966,-0.763936484123264,0.42640507572490083,0.6274609281409108,0.24384407512162967,-1.3214421075707075,-1.3958419434665024,-1.161678806634586,0.47796209611772206,-0.515857032994105,0.4453270529068,-0.6543980172098207,-0.7875067166532932,0.328660892948373,-1.1661655301345613,0.7218626627389568,-0.9056105665272116,0.9481591738649103,-0.3529907381596304,0.018114811295071115,1.4389513512283103,0.25891100151599683,0.6199842703339435,1.7719889616596571,-0.09822425798124043,-0.7987485024820645,-1.1024834560735084
angry,-0.7898082309998274,-1.265262890155407,0.293032695988704,-0.8077041548058842,-0.37750431814621505,-0.8883208131039931,0.9780361701446457,-0.13085624063931472,-1.5329511056729128,-0.49147118480341245,-0.34313205525810386,0.21278253861691612,-0.976558904891565,-1.0996912744475091,-1.4785982960379682,-0.5229782679148627,0.1661857710811306,-0.5543342728518159,-2.10633521416179,0.14257303462935395,-0.9942910004250759,-0.9896493908028208,-0.026958740463034696,-0.038004021402717365,0.7723682020514492,0.7594776015455161,0.26227760518483356,0.1628465001660941,0.32093500055375945,0.2971900732256404,0.4477204797726282,0.527001169740443,-1.4216044292243548,-0.8767148911894677,1.5256826618183859,-0.0973907717610742,-0.9509070981985299,0.9898080143405219,-1.2576594934855971,-1.3944121827946852,-0.9363496293061245,-1.4812838775781396,-1.1800524015960232,-1.3950482543552938,0.23749819247792409,0.1691831171939803,-1.9708839305018984,1.0492654042247767,0.49414216890673013,-1.742081689923591
angry,-1.6636474843818931,-0.5873079331780637,-1.4207410423389608,0.32947792989507246,-0.9873174311523669,-0.04119477589135332,0.4400398587215747,1.3231560051870954,0.571536070276158,1.039501145204336,0.9745385813245977,0.5922826628444324,0.43626907467605497,-0.41537564800226434,0.13581490035912414,0.40764344594771856,0.21801411557164535,-1.5857757578665532,-0.9102654406745274,-1.4221593731761022,-1.9018478496571383,-0.21763625583645416,-0.40217040968414763,1.8364962293893332,-0.8724011648241141,-0.5188470203110972,-0.6652513700179546,-0.36032220895344585,0.42638381925438545,0.5062950711509947,0.3984283066747619,-0.8952477236283567,-1.2131604894194778,-0.7168552643411981,-1.2521410909156814,0.13875117403645923,-1.5066834555444355,-1.2102798558193333,-1.1483391017416882,-0.3307070828576778,1.6059403935558794,-1.3963150515997287,-0.035009132961204066,-0.6794812394207483,-0.19378417055657804,-0.8277414048544254,-0.838011818297207,0.18668629269175016,1.0421644185813568,2.0363440561394426
sad,1.4637394502768533,-0.10933112756840359,-0.3025057233769786,0.9622902168271772,1.0223908520599563,-0.6155853234014026,-1.5725377198553427,-0.007791416001860066,-0.7866601907938147,-0.19306980259563536,-0.6617361410522209,0.6333633779696651,0.03218413392480122,-0.9669503932741109,-0.4959997170074418,-1.2855357111603811,-0.9554807055052323,1.6587283681055065,-0.8297406853124158,0.19857206605118047,-0.3889320719250584,-0.0174389041787876,0.5209823372277893,-0.3773034402731527,0.1431968929731521,-0.4059835054713267,0.3668498055358379,1.0817457807601625,0.2159663009910349,-0.04319098329097872,0.9371983166971335,0.33371621293595105,1.4497139373434573,-0.5166858943251759,1.2254363874930991,1.707089325516657,-0.9770933628719632,1.77034256762864,0.15831184789716563,1.5670132662172889,1.3331166868841349,-1.4047512705291283,1.2863247245211604,-0.5440415375962191,1.0370892885545306,0.5954908183717894,0.1737606915017742,-0.3264161565739422,-0.5869202473389291,-0.4094299872146836
angry,0.405930086668704,-1.726023828608281,-1.4414926827659282,-0.45527985551677236,0.11923737031242257,0.15079701520351071,0.5639695992601828,-0.37985754518481935,0.6861936219482169,0.28244043339391084,0.8143138766085917,0.6087188642895701,1.1434917144530352,0.16628198396286403,0.0865546995427511,0.6220185317815219,1.0251323625308817,0.43213466757519453,-2.274401828475797,-0.6692998056835584,-1.2099258632833463,1.0760669762925625,-0.7597405419204262,1.130489497625656,-0.3620353711790172,-0.5696563009343728,-0.7274334255667618,-0.579400424554312,0.8038726703427117,0.8663961599361494,-0.49977187825246844,-0.5256925826034171,-1.0086109215940677,-0.4190181250301386,1.5256826618183859,-0.37800642998764905,-0.7688128849860802,1.0660576050370152,-1.2453012558555514,-0.5437268959391229,-1.0777853604822516,-1.2026757103837542,-1.35878042094124,-1.213644151024636,-2.087592555875165,-1.261148696758583,-2.320558686540859,-1.737372513014973,-0.9493283640035526,-0.4094299872146836
angry,-0.08171084107121351,-1.6751744888016271,-1.3233371503694522,-0.9915720406648345,-1.6502116844896804,0.583994088852388,0.1909828701028013,0.45648572560184836,1.6968170449642839,-1.391308881250624,0.29484775934800533,0.16307106040360766,-0.2647417529819064,-0.2764194119942994,0.39371191239039677,0.012246001460514544,0.44691202947693887,-0.05175507957830042,0.5716673512350483,0.3584786100848702,-0.5840291665151329,-0.7667916120415792,0.5131177373082058,0.746008322895712,-1.0050622706493844,0.6665090304112874,0.657106803109251,0.6414817521097703,-0.5256894230770295,-0.4366385907698686,0.10134366430769295,0.19368452400564842,-1.282907478764171,-1.2418745776900468,-1.4853459042682198,-1.1913136473438395,-0.6972514609276037,-1.2642184535867214,-1.270071558511113,1.5670132662172889,1.0495921247117683,-0.03276169541311044,-1.2503190522800496,-1.0335196593669487,-1.2012035967132375,-0.9130079806055637,-1.591267058488981,-0.09822425798124043,-0.1838286747101711,1.1550259030532832
sad,1.1576711824261647,-0.8759285694593673,-0.5725438762523045,0.4014283908612441,-0.16423863500718427,-1.1029006452058336,2.3016160998841824,-0.3236952100834653,0.13768282763817938,0.05249359481718752,1.418450813022248,-0.2531622901482354,0.3859507574189026,0.8633577599227389,-1.1652859365322787,-0.4227498688229473,-0.8146792214039332,0.5164189802643854,-0.1079162593797758,-0.13303396308436496,0.4949068471848828,-0.06568982212964138,-1.2709140552866969,0.17146200407378673,-1.7373255119134832,0.3364286456944994,-0.9359409844974371,-1.5457835811801361,0.624052078478223,0.9734819412258229,-1.574676609898179,-0.2441279212004607,-0.726266889347478,-1.2756456840865371,-0.7367317785865536,0.8448130611737124,-0.46801357714231623,1.0887553040674764,0.7264375406076398,1.5374286569583644,1.6059403935558794,-0.7716058912109658,0.920802718521234,-0.5935838605498249,-0.6636015468186877,0.014122684126772138,1.1695978244108387,-1.4569272508824769,-1.3471503005710748,-0.041494244794421674
relax,-0.10001299600204296,0.07845972454462906,1.7961004188114806,-1.5299537378106145,0.23066666211709236,-0.33519661113414856,-0.6323386240974757,-0.17331491822647066,-1.9730565831320044,-1.788695410489569,1.3662511577609329,-0.7067579693395892,-1.253773451226666,-2.0916202533860804,-2.541932735169977,-2.1713560042352995,-1.6514722357987823,-0.4390594667207725,-0.43489757896865056,-0.07418705796837242,1.3792947382406369,0.5549307019964169,1.045976627411975,-0.7292172748960664,-1.7752290865320197,0.3925678290701563,0.6165924401693899,0.42490338835123204,-0.9970800447784526,-1.2579968515986846,-1.213064731818026,0.5765262965511709,-0.8535339313673941,1.7340889387093297,-0.3976830383680427,0.6884718097920045,-0.6050697640634736,0.45735789293907236,1.7290392899457983,-0.9656377562235205,1.3615266892234286,1.1170709112054766,-0.6654415475335288,1.159508732541921,1.2099176947994752,1.3035592008312291,0.612607883122706,-0.09822425798124043,-0.8328119210885533,-1.742081689923591
relax,-1.5053638228909325,-0.002153271767152749,1.1330703325998508,0.8956756536470007,1.4917896156492823,1.7741931585215716,-0.5897364425052649,0.6356379317427849,-0.8285507000815745,-1.2539509314320483,0.08177442802595752,1.6744044220829106,0.737060894007701,-1.09142868142403,-1.0162738042939514,0.4255423846310156,-0.0404018560629479,-1.6626223337167216,0.5062397295367815,-0.9752521181640034,2.2127203596153566,-1.8781697723163726,0.4284995818116887,-1.3056798767035467,-1.1428015467049355,-0.8583279956340413,-0.16849293254291065,0.15099126657497527,-0.28560201737571045,-0.5238003639363467,0.10134366430769295,-0.6025923022958168,1.527955028911805,1.1517739462624013,0.08937948764792339,-0.9681361917247994,0.9723822102737112,-0.057273000449591535,1.6003431043944305,0.1795552860163845,-1.5447268669509968,-1.6300049533231813,0.06644488925206617,1.2829422802294523,-0.4997209301201098,1.4163947292348882,0.40887241114282724,-1.3056155530370843,-2.2131168148876452,1.1550259030532832
angry,-1.9841764538521767,0.3757261885312183,0.7018026409514436,-0.5697085011419631,0.6621872094855937,-0.5962621435579666,1.0040092966885112,-1.497247276236547,-0.27110048878234316,-0.5680664488959799,0.36538348650275554,0.05519140911515374,1.5138529991580543,-0.25895759434918486,-0.7435334050666885,-0.40454800088769427,0.03177119049952192,-1.8081777093509528,0.5280249789287114,-0.2069589095614198,0.32967777138091864,-2.4114487573347105,-1.2593156026281176,-0.9646319661185234,1.408896115963397,-0.5188470203110972,-0.9749583584207137,-0.9951064426432579,1.6876499148927289,1.7672991408221748,0.34907295946307837,-0.44724111412050094,-0.77446560370664,-0.8381363674048369,-1.1422020594942823,-0.40938160976745575,-1.269145780092693,-0.9969610828600883,1.4283614271031164,-1.32524747262678,-1.053682744471908,-1.4751794579605977,-1.2384967126668416,1.4389513512283103,-1.8354453402793345,-0.687165175584408,2.0015246363751924,-0.09822425798124043,-0.36181342537064337,0.7401146656005424
angry,-0.026909340618963756,-0.349203237777179,-1.1664483063100635,-0.15963097688610023,-1.3790601079865823,0.1622857706462832,0.9594740657514644,-0.7558186181628432,-0.4871164318325614,0.5651172519274554,1.3960946277221673,-0.45423950183724304,1.176522776295081,-0.8917719967418232,1.3811446607420403,-0.3590723801012713,0.5514124432919727,-0.012013775029246004,1.1176962077276662,-1.001351370816163,-2.148381349165286,-0.40776724807347575,-0.0638293717677364,1.9371422242485041,-0.09868797011891045,0.4038340877719971,0.17812498991096348,0.2661982406693141,0.05754446262838722,0.12428326977689444,0.7421546966159781,-0.28556396288672165,-1.4589170420137756,-1.286995242071608,1.4738638863859934,-0.3470935738487475,-1.5631661648166122,-1.2642184535867214,-1.270071558511113,-1.6178009722625393,-0.5488454462855479,1.1170709112054766,-0.4820078983467739,-1.4001027546473064,-0.7345972647326338,0.6687811093042043,0.5617350143093633,-1.8503938215575355,-1.4454042907650557,-0.041494244794421674
relax,-0.26552593689662907,-0.10933112756840359,-0.41493478625796504,-1.748100979740196,-1.1358936194631482,1.53418602880954,2.1535923216192043,-0.5801080297734477,-0.1810111738214492,-0.9437090238750555,-2.2951383696767382,-1.8670629942266643,-1.0889951947436391,-1.4992206173030849,1.1228978070579199,1.5235135363002181,1.1842815785697145,0.14976865545900445,0.10402815912151611,0.1033729734161492,1.5104072642422703,2.0676697471305183,0.3104123995427583,-1.9311675668778976,-0.17856547941101752,0.5973271185802626,0.5602345794485828,0.5002038182329528,-0.24525406733453806,-0.1617534265658459,0.6442602335337454,0.23990077889111755,-0.8889049604302899,1.360203543914951,0.21437051467500248,0.14661926196394284,0.9276090340684566,-0.04161401211684949,1.0429920889045414,-1.116009357346774,-0.14068438009714473,1.1170709112054766,-0.9730491405544395,1.0580180555226277,0.17374616413435062,1.2808203694189635,1.3408159871135703,-1.1001727197035778,-0.8999034121862578,-0.4094299872146836
relax,-1.5053638228909325,-1.0062496699022645,1.374759352208015,0.3866815705094596,0.3812473029719136,1.467897435950322,1.1927620648857327,2.621534301017539,2.5416140942971293,1.1840542907463636,0.722213750819207,0.5922826628444324,-0.5978893640041408,-1.4831134867670703,-0.342209603190327,-1.8340967923678522,-0.5313987197700653,-1.5109690745904287,-0.037545133845006524,-1.20700006222826,-1.2099258632833463,-0.7048475367772463,1.141323477911316,0.3764811873359527,0.1431968929731521,-0.660340846029576,0.4315286795738816,1.420337085704709,-0.46911318272068586,-0.7824741362429799,1.0828331928311905,-0.7518523210396013,-0.7072426838276143,-1.2756456840865371,-0.13595336397346147,-1.2501008432391882,0.3215478939075251,-1.2551517032507502,1.2108327857355115,0.7604775579325352,0.0018330010660716257,1.1170709112054766,-0.04269139829146741,0.41181624936005007,1.3106988338583743,0.37215928850185304,0.09177411902576964,-0.09822425798124043,-0.018742553629922117,1.1550259030532832
happy,0.405930086668704,-0.48170164914512525,-0.0011354415445778338,-0.4721553436684116,-1.424606240485145,0.026166592272756913,-0.5085557347553427,0.1922557520657517,-0.7088334765835124,-1.2238847729143914,-0.993897656059307,-0.011313866463623423,-0.9074924228214674,0.9102234131264882,1.1126215501418277,0.9950606906163836,0.792831915036774,0.8282766044778337,0.4121148531008011,1.894018160490142,0.32967777138091864,0.15245449017529972,1.8203169394984573,0.3182142285396567,1.6642635989170238,1.722735875110045,1.9683794723593264,1.3717299443470556,-2.1122791581214853,-2.1095905189658715,-0.298360127692049,1.8607662717128484,0.45485500175393334,1.2647528275481292,0.035967969333163714,0.5339373077516677,-0.308994821143566,-1.1400536876358365,0.7355400196058772,-0.5831459701854806,0.6752307356356771,-0.227595991555232,0.267680675486619,1.4389513512283103,0.21616661521226788,-0.3034945450637152,-1.7070538909321535,0.18668629269175016,0.49414216890673013,2.0363440561394426
sad,0.8291614092143667,1.8735961610446705,0.1501243239325994,1.6997706425675843,0.32120177168530756,0.1783558099640601,0.012615134267212768,-0.2345159328689802,-0.47512299736774816,0.09277536773109815,0.2555566582100238,0.9690132560705451,0.023727686662652347,-1.0085561324794792,-0.9132285174065412,-0.834023683915615,0.21801411557164535,0.6075619244906008,2.110629241314303,-0.06622581705094716,-0.3889320719250584,-2.139336225685099,0.28576092136460024,-1.1668079050273163,0.5835070802857459,-0.23914569460393995,0.06990779686184892,0.3545663740838255,0.025847644395230202,-0.06282065953372942,1.0343496615158267,0.23990077889111755,-0.7599092769778392,1.0966883399521041,-1.4672039422749192,0.5155944075937867,-0.2028982229469576,-0.8463088010534788,1.5948831956934755,1.151344376455507,1.6059403935558794,-1.5492247026410284,0.8980768636891406,0.02877140104996435,0.5447835506217782,0.32181370403857384,-0.12396126180116582,-0.669285779139615,-0.22407832955368884,-0.7629059451836033
angry,0.22677190150413198,-0.10933112756840359,-1.2119019665180761,1.1599121156043541,1.4508765969004573,-1.405045847909638,-0.25083661399913043,-1.1766357736444775,-0.565052085613675,-0.8260436464996361,-0.10151234680082721,-1.2241086465373756,-0.384059035642612,-0.4671500391817435,-1.3132845710895114,-1.647556144731392,-0.9052576742740654,0.5193054416613916,1.8855055321417389,-0.2645881859063371,0.4949068471848828,-1.5171591538377316,-1.7909054623020673,-0.3454138014301906,-0.21931235290666296,-1.1368361377041338,-1.692593201814282,-2.0206535051754453,1.4120481744889428,1.636650518163821,-1.7306852498847636,-1.0665771244118822,-0.2508835195524179,0.009141640528405885,1.5256826618183859,1.4986584729798036,-1.3061235283547077,0.7197813544229132,-1.2453012558555514,-0.9605876954984948,-0.2072377744086867,-0.14816980720899098,0.6531139009880083,-1.166416510624944,-0.8390098588871533,-0.24985115718493253,0.6329457366049619,-1.3056155530370843,-0.7815859989574324,0.3414849881296938
relax,-0.22862123383334684,-1.1101154587226008,1.9450279083001254,1.6057809096052509,1.6231156291518123,0.2584611248632602,-1.278283933560808,2.411462876232513,1.9396021923843136,-0.937545026681694,0.08177442802595752,-1.7895207498464998,-1.07168100026804,1.0137598686593368,2.5474356536838827,1.9687785991422888,1.003958987350837,-0.3224629568344041,2.3141935163541048,-1.5104697312709137,0.32967777138091864,-0.525605379968892,-1.0927495869372368,-1.483839249252549,-0.7349378075477854,-1.7939307758139056,-1.3819066437580334,-0.4966056862149795,1.3825577806026321,1.1474514932134467,-0.6515208700533014,-1.5884820488659712,0.6746187484470468,-0.6629165700928089,0.12536508515376857,-0.9151894024889716,1.3143105166322737,-0.2217011410756586,0.6512992062449637,-0.363005392988203,-0.41062195245434857,1.1170709112054766,-0.9407863007963312,0.14188489417749683,0.7510539346241276,0.32181370403857384,0.6532771576990026,-0.3264161565739422,-0.30337662633388474,-0.4094299872146836
angry,-0.5821244296077235,-0.9802289170211173,0.6193758699198275,0.6455987718063602,1.9314731750108034,0.8551499952470062,0.15689354087595342,0.2544816365087692,0.5413745278826215,0.6139615925945864,1.1562045335827063,-0.26988646773477654,0.611961595608499,0.11248442889503593,0.01777334904195316,-0.21383097334410184,-0.45004193452964436,-0.4703587348433369,-0.6130745943437966,-2.0541246982006007,-0.017690719589831906,0.7551059101165408,-2.455861397811211,-0.16009422696261094,0.05485736776349408,-2.474731626142047,-2.676592613617336,-1.8977409356953288,2.1938959784023413,1.9861926901043938,-1.7828269163133221,-2.2945833607718615,1.0702735394459375,1.1781455915563785,-0.7460422312291969,0.622061117460402,-0.6449551247984194,-1.0717001140179907,-0.19045027274354165,0.717378158357151,1.6059403935558794,0.06286660005283351,0.41207824518869296,-0.3933857206999316,0.77440488668216,0.06608262134615223,0.2863156439289606,-0.3264161565739422,0.6621528158928918,-0.041494244794421674
angry,-0.9805851018316257,1.0889084095924992,-0.5551601693465251,0.3563600801831157,0.09073508589831572,-0.017931853880354735,-0.4121658160819025,-0.4125620295533334,-0.42714042810176667,-0.19306980259563536,0.0182110997079921,-0.521451524437383,0.03218413392480122,-1.0085561324794792,-0.4959997170074418,-0.10518286661664993,-0.723871035253724,-0.7251500140129409,1.3129003309126577,-0.6025927164920596,0.8093896282425456,-0.735845135336475,-0.4065749634186247,-0.9616085510738581,-0.9843285521077456,-0.2180671738441274,-0.5535214775695817,-1.0043382588789052,-0.5405301323467652,-0.5797103376632645,-1.7828269163133221,-0.2441279212004607,-1.4589170420137756,-1.286995242071608,-1.1584250812083927,-1.2352873188023286,-1.4434519279839468,-1.2642184535867214,0.415743901921516,-1.2023535126973086,-0.75902022637437,1.1170709112054766,-1.5482014841175844,0.10079940517725623,-1.1377027195265899,0.1691831171939803,-1.2136254437860723,1.753713233871858,-1.7317475672833602,1.1550259030532832
relax,-0.22862123383334684,0.4572589759488934,0.4856012354717147,-1.5114686200168062,0.6993783486579196,0.7600335496236925,0.3270331071955516,1.5472310970951195,0.19787854012782613,1.9646797768425464,-0.37557182970336184,-1.5575225838147986,-1.7249383460997492,-1.8100408054721442,-1.4511319359241817,-0.7973332088184738,-1.0056340438780873,-0.8675254546077003,0.5789503813381477,0.5944511157153969,0.9589981204270889,0.9065305756372858,1.3942694922081476,-1.3416004291732693,-0.9843285521077456,-0.4984372820478851,0.6415449538232656,1.4734836475696536,-0.754518467435275,-1.0780836228776638,1.1796166473705105,-0.07420012806117844,0.28344720346473373,-0.4110769917785571,0.5972225135271672,0.33185991104142304,-0.17024425745987462,0.2360980227234926,1.6818078443298807,0.9335846774499537,0.054708243397816304,-0.3823176734471836,-0.24687645447521653,1.4389513512283103,1.5167563784439009,1.12002234347833,-1.3602480603305986,0.18668629269175016,-0.43836905997803227,-0.041494244794421674
happy,-1.0766900707128053,1.4230850431987279,1.9681125034009321,0.3139214808874148,-1.064719830554082,0.5189341058303258,-2.309936037870409,-1.5735073427717439,-1.0557551165301122,-0.4658265917445315,0.0182110997079921,-0.127916939010639,-0.09482948719659555,0.4015059622879069,1.2775373533504017,0.3180538881474238,0.42604599014749533,-1.10423697880406,-0.5173748774900598,1.82144932447283,0.32967777138091864,0.5715361917683709,1.5440126668436724,0.17146200407378673,0.8339895908859069,1.659306934886137,2.0520521817632145,1.4693844598448154,-1.6278410740050784,-1.4518326174035405,1.5643219315104382,2.3124214843594166,-0.6279713428470839,-0.7259677196633599,0.7794006156283313,-0.9815453803298506,0.7184642932889126,-0.45885115471399435,-0.08197907425708213,1.5670132662172889,1.092712534707683,-0.7184205181219313,0.49331259465246974,-0.02662050904648269,0.2804052910110151,-0.35742548332193014,0.7852755773950207,1.753713233871858,0.5894402596325546,-0.7629059451836033
happy,-0.9422775507008175,1.6194879286223491,-0.7616676379070901,0.023698872421918267,-1.420044208553156,-0.8050981603792339,-0.40061730757600483,-1.0446636406165442,0.09555791295953343,-1.3794257100432703,-0.9020144503035852,-0.32846740790440077,0.3439774422953542,-0.9502762004326144,1.5477667519946028,1.2775391773342872,-0.46022188050962,-0.8721605210429859,0.3976743023518601,1.0577455963064069,0.8093896282425456,-0.26535529570754574,-0.5585159781715251,0.3469556064932178,1.615990726932546,0.8062739082242597,-0.1464683110149974,-0.8324178890534598,0.04850392697156513,0.38859153897494264,-0.44932064119718623,0.3813240763435406,1.527955028911805,1.4743392036317045,-0.03961888662609025,0.6938498703999694,-0.6796906118090875,-0.45240974986446864,-0.8128979882520998,-0.996123510589468,0.1705787344164836,-1.0181290447761682,1.2946197884535167,0.7868931963623725,-1.0894019558399342,-1.4695988484517013,-0.3301199096157262,-0.914856684771406,1.4509347301174642,-0.041494244794421674
angry,0.794249148566531,-1.7767866903448553,-0.6933356846069154,-0.039466806295171485,-0.3165358057947553,-0.12056974131876909,0.24394934490272888,0.15880899350304056,0.11361022474764368,0.719195479626674,0.12140061182990874,-0.0029957616960444937,0.21782954456747952,0.12143800985222031,-0.031225140163067377,-0.24103101319973183,-0.23557374922950203,1.3725009689536267,-2.0122976807092674,-0.49006609636739734,-1.4328909161983094,1.820203972173587,-0.45818487506294386,0.14131091770359427,0.35915885772239214,-0.37494326098031705,-0.5800221172700614,-0.5017631373121495,0.4858880393932612,0.6278798008913585,0.4477204797726282,-0.40742424201644284,1.527955028911805,1.297081361746061,0.22058972478410602,1.3050534436635277,0.5541307536703157,0.24488840237221518,-0.16670444912119273,0.4093219726229643,0.3989889758166603,0.98789322267478,0.6272768051118534,0.51388142464196,-0.8217795263338552,-0.8277414048544254,0.8562406728314694,0.5553338611015891,0.19708877014429427,1.1550259030532832
happy,-1.9639862604363754,-0.6136550291283099,0.7559433350903922,0.8580179503101388,-0.6778717995104636,-0.6518742902598033,-1.0418411171623911,0.03494701074452357,0.35448137636592747,-0.44012500043059355,-0.45690637105691595,-1.2582113957229448,-0.30731950390818397,-1.09142868142403,1.9794653396449915,0.5328043860838881,1.109935480986476,-1.9690834529924002,0.2180780948097323,0.9720668908654512,-0.017690719589831906,0.8390946484500743,0.07756419220912932,1.7854796314942827,1.4422945469452304,0.85327874329878,0.46046497471394315,-0.0608505438715257,-0.06097119930253308,0.08076727030263296,0.9371983166971335,1.0448903447912825,1.527955028911805,0.792669910086187,0.5842670157404154,0.5816670299912959,1.1474679426609147,1.0999115392082628,0.6220226105143779,0.03833463186556862,0.08063705743977041,0.21307598830549537,1.2357579097627927,0.010440521056745445,-0.8561719944069579,-1.4695988484517013,-0.28883436531437656,1.753713233871858,0.9898752013074774,0.7401146656005424
angry,0.8640097480268051,-0.7974750003260612,-0.36547369742534835,-0.004808939750603255,1.6599154411382295,-1.4856404143494912,-1.0182975260479703,-1.1539251267675534,0.19185805880613319,-0.8073577929236895,-1.0190270867690974,0.021950062089881175,1.5548390646468149,1.0232016695953565,1.2465352398823453,1.62859811031739,0.2906948528249139,0.0955121335391182,-0.7014392084158255,-1.187192035835677,0.15887645839222245,0.4473329767912172,-1.7148523738927248,1.553580901583599,0.8284543788015187,-1.663970461156824,-1.458384355809391,-0.6544363679071568,2.0933298647887235,1.8295820069533815,-0.34861491398232425,-1.1975646317616453,1.527955028911805,1.1051568133813443,0.1830014518444097,1.233672770465275,0.04039284465276861,1.0545123124021079,0.6657083751241599,0.7629851729661594,1.1997205691115502,-0.21242876277044975,0.8257151397093642,0.5113826113500318,-1.1216671078713272,-1.1730369338291677,2.2005197376536954,0.5553338611015891,1.3113663866038445,-0.7629059451836033
happy,0.7767689771238971,-0.08256945311950539,-0.2885336975806015,0.3280269412243002,-0.3501403099000373,-1.7928655064229477,-1.0182975260479703,-0.7650348940739417,-0.45113347596634173,-0.9252074670784332,-0.7525399561539595,0.2707167053406488,0.6787217887344289,1.3375150122061026,-0.42885575276038257,-1.0823498955190716,-0.25605600359404945,1.3608937750615193,0.4627412852325596,0.8961068630049421,0.4949068471848828,0.7048766121068526,-0.037199238143493386,1.2109256370398902,0.49610831989354,0.5973271185802626,0.2691563159660891,-0.019119334365247792,0.31225158338708303,0.269117703283486,-0.1479863112816174,0.7280637771106162,-1.0032919964088804,-0.5587115314945453,-0.7274542343721574,-0.40938160976745575,1.415668938731978,-0.7338051170035704,-0.34754734361336465,-0.5048745986383991,-1.0777853604822516,1.1170709112054766,-0.34882806162790403,0.20794951119115487,0.23749819247792409,-0.16992081394957123,-0.3714321877189053,-0.669285779139615,0.02356916144074541,1.1550259030532832
angry,1.5310898273198785,1.8169729408011497,-1.1126462155408572,-0.40827014452262533,0.8781740222942492,-0.32569700630253856,0.41746491395666535,1.3728247425491809,-0.7387714310107314,-0.027685596528943892,-0.835446024097173,-0.16128377012739237,0.3859507574189026,0.17526597883022998,0.3737703282530796,1.9774745930345319,0.11442975691981609,0.8877368416364446,0.4699843452596336,-1.8591627392118983,-1.6634429088592775,1.6711872988392416,-0.43842619924591236,0.23060378937971487,-1.8134834081581805,-1.0610127473863078,-0.7525691878905887,0.008616569022771308,0.7573455457750061,0.5726168119389978,-0.09799139860415007,-0.9648148057755129,-0.12170772454600981,-0.06251852015242632,1.5256826618183859,1.0419655773323238,0.2598844352050169,0.44972483895678966,-0.6603922724954946,-1.0580646220589276,-0.7165686750605664,0.2230229462073294,-0.16889357715919706,-1.330081338665537,-1.2169194599083837,-0.9130079806055637,-1.18224610090842,-1.8808924962099167,-0.40028409619298977,-0.4094299872146836
happy,0.8814100169008027,0.6482699084061082,1.58388573663857,-0.9458894174103856,1.514061530561789,-1.0212377614449475,-1.2111029736178385,-1.7522013537436856,1.6968170449642839,-1.8116819706197802,-0.14960232403250373,1.9155956789511965,1.6448944657071034,1.3183152133127014,-1.2023797585019866,-0.6965669884422871,-0.9554807055052323,1.2234202224386281,0.026026191987759253,0.34805817286110197,0.4949068471848828,1.5926755546772149,-0.9736363895298374,0.3469556064932178,0.3924237340831588,-0.9361665375243448,-0.620297728537949,-0.4154168786664588,1.0472771247845625,0.9109153148793889,-0.34861491398232425,-0.11731753341856635,0.45485500175393334,0.5213805051034368,-0.5921249336423778,1.7608479494238964,0.8738305553011774,1.583871871443112,1.8496946656210445,0.45897376715848204,0.20888332499864357,-1.2322518374888969,1.2569950361609339,1.4389513512283103,0.3019813102234339,-0.7994734198833301,0.531191860195761,1.0492654042247767,0.9639208830183462,-0.041494244794421674
angry,0.8465935548005681,0.18625004922855798,-1.5635865351272338,0.3334745458993771,-1.196253216586963,1.1311974504132882,1.468849109843486,-0.6865964919224127,0.3424302271089863,1.1043839884668916,1.6112676265806365,1.1157041839727695,-0.5293579813326836,-0.7571933394994683,-1.4052786242779132,-0.18664611395594366,-0.25605600359404945,0.8952336076806868,-0.6062575174356525,-0.20701539066809893,-1.6634429088592775,-0.8823902010748623,0.5384237206728227,-0.16009422696261094,-1.6873257976026428,0.6433966149169644,0.6718187378144784,0.7023955564754915,-0.42274620294156295,-0.35885191532967736,0.15101700465052212,0.1479235179836274,-0.5915299873893345,-0.20748283897491365,-0.9545201665640158,-0.044101196553148085,-1.1191009574385544,-0.668867643385471,-0.8234077760110318,1.5670132662172889,-1.2143287603309143,-1.3298579428511068,-0.10895479453916648,-0.927875590578164,-1.1854241978205862,-0.520964089349398,1.159512572922011,1.753713233871858,0.37762855329591793,-1.742081689923591
sad,0.11846387343174263,-0.7188256252089325,-0.6710670615268133,-1.5493567730950355,0.08054193142565534,-2.538768117786958,0.7883117322222357,-2.062503969692481,-1.9789958093837905,0.5651172519274554,0.026167439065535574,0.021950062089881175,-0.4352894793582547,0.4015059622879069,-0.20671076419437334,0.04832140786436054,-0.33786583110862844,0.13010468881276904,-1.631189230094929,0.7646348289574285,1.103744397227571,0.8727854600109,-1.3616485390103545,-0.8614784774243966,-1.1753354643814675,0.6780846761278612,-0.7299461487738779,-1.5863174613792952,0.9769594798004653,1.3064939958696158,-0.8547807847959926,-0.28556396288672165,-1.253634384909362,-1.286995242071608,0.3117586482251371,-1.1768097709322018,0.0278721143843992,0.7322313520344225,-0.37345499023941325,-0.5919839967038506,-0.5341625756405304,1.1170709112054766,-0.6996792429119315,-1.2471477285429549,1.0615060465930433,1.3939414716200131,-0.36110161659683476,1.0492654042247767,-0.7987485024820645,0.7401146656005424
happy,0.06407853144561378,0.7030420172987366,-0.20958522387991774,-0.1152549368872692,-0.16216386476550324,0.4581410431879203,-1.94276677021488,1.0660601377587975,2.140098466163006,-0.9190338955104023,1.9192846561007009,1.0749968133408125,0.7120670755617073,-0.7825183289214516,-0.35185475130378574,-0.050949847725093374,-1.7301938585992374,-0.7740414987930304,-0.943703283672369,0.06514506683942033,1.2437909622123033,1.5057500722431132,-0.3552025463810367,-1.2709818513137205,0.3118758263641384,-0.11192515322975469,-0.1404042369151793,-0.29852248464580716,0.41997625828939045,0.5844589691466376,0.15101700465052212,-0.07420012806117844,1.527955028911805,-1.2418745776900468,-1.0311867531419312,-1.2501008432391882,-0.43108457412574347,-0.8540057379336574,-1.1964008703052438,-1.0895304210319383,-1.5162924154252106,-1.6524476761986457,-1.40820839743859,0.44032319393759006,2.7022653533233196,0.9563301428500389,0.5006340719889286,0.18668629269175016,1.1751332874645,0.3414849881296938
sad,-1.1152672729601334,-0.6136550291283099,-1.3477645916166654,1.1113546675860682,-0.13107906919856654,-0.7222449521636995,-0.6633565190057645,-1.1038986598413334,-0.3791438013946708,-0.5553355830359361,-0.26226512563128124,-1.036931529142197,0.10822129346704577,0.8914624009325071,0.29417578339301254,1.1276565662752362,1.9349767750646518,-1.0982018149417103,-1.3790161153042995,0.7003783818052313,-0.3889320719250584,0.19313671119165585,-0.6854918900729938,0.6620306252139398,-1.4696946438329421,0.2917474670258783,-0.40062774814919166,-1.0362880099612406,0.4562033392095673,0.7382046594526352,-0.298360127692049,0.1479235179836274,1.0722117138502203,-0.9258030916208249,1.2506758604088857,-0.5174116605813006,-0.7208691110631018,-0.8233679902128772,-0.5638465454988131,0.4093219726229643,-0.6904013737663318,0.4499882133684248,0.05907095020917066,1.4389513512283103,-0.6276821802869883,0.5216277169269496,-0.5265898724672906,0.5553338611015891,-1.3328191626508172,1.1550259030532832
happy,0.1726947165915189,0.3757261885312183,0.8546393637174226,0.27578001961822624,-0.7816679994936067,1.315316344530579,0.050637842239915784,-0.14029780036249404,-0.26509603168826573,-1.5036303202435028,-0.8105386098843325,0.4606037036694248,1.0856347582514485,0.4562709685719973,0.6847829724877398,0.1743782538665933,-0.8046008146880778,-0.2390686794612899,-0.24781992976986494,1.3933573684332092,-0.3889320719250584,0.8138622417720073,1.9426051986567578,-0.06338277572049476,1.318375183908748,0.8297502356190434,1.8373106501068335,2.218292462523884,-1.488568327539974,-1.6083509944619494,1.2761561850068577,1.2104400749725348,1.3871130881691127,1.8098614104291322,0.26970127967215857,1.5509297569563756,1.36037069395818,1.783186086730462,0.8104364537444425,0.8798802713026016,1.519417701387784,-0.6671464181836918,1.044941254976764,-0.09598493081290072,0.3453795377273229,0.5216277169269496,-0.041687386746572824,-1.57231114131557,0.37762855329591793,-1.1024834560735084
happy,1.0717699052108118,1.1443841920462512,0.5112836095909106,-0.7268189066389671,-1.2299092659366455,-0.6131687446531893,-1.8295459028765177,0.4709702856401568,-1.5031702598004386,0.07261849936001348,0.8296251985351765,-0.42905887169261603,0.9365492240894879,0.1483291883585969,0.027586165111091063,-0.44095836079607487,0.2283884427978798,0.31697313054528076,0.1966404649559207,0.7947640806853842,-0.20022431741728172,-1.6947971329075593,1.0269317858901426,0.05207752420368434,1.6861014358632682,1.2246790448307274,1.2188864005578715,0.7296318235699532,-1.2050777913478776,-1.1372868402509735,0.3984283066747619,1.2667136763826987,0.2060261902850798,1.0200798118056675,1.4201993771370405,1.284920295996898,0.7890238113804176,-0.07836608374960564,0.6220226105143779,0.40340733549030106,1.043324449386143,1.1170709112054766,0.695499718516771,1.0619368454213112,1.160081319284902,0.7656205660448094,-1.6859880896640635,-0.09822425798124043,-0.2639264589651773,1.586874926112765
sad,-0.32101688913104726,-0.5081359126816841,-0.053955658499149226,0.8359879456501089,1.441563462820035,-2.2489540063904085,-1.1243860485788701,-2.33927829225205,-1.3839894014333305,-1.4031805637845045,-0.6041673194563798,-0.6814483173590852,-0.9074924228214674,-0.5273265671366684,-0.0018391716614611967,0.35390874089014196,1.4615859737238224,-0.27094965324032644,2.6464351859825785,0.24905235281087207,1.3792947382406369,-0.7203527433500575,-1.806118980229415,0.05207752420368434,-0.6493981011081591,-0.88760791674896,-1.522749707998552,-1.8880180933440522,1.8772823010018087,1.9577552843084727,-1.5228119817431274,-0.8242692541529305,0.0037584727947550804,0.7349731666196705,1.464530556624206,0.9651020239526383,1.3719960587821913,0.2404993032197956,1.4709902024539125,1.5670132662172889,0.2666221344941986,0.5898927240645655,-0.6460620611333231,1.4060444736717257,0.06909929500790846,1.0502269214976807,-0.7860067647169958,-0.09822425798124043,-1.5927163705430423,0.7401146656005424
happy,0.11846387343174263,-0.2694423814809185,0.8987478507000065,1.7063171145164215,-0.3859349556931537,-0.46879943459400775,-0.5626543389746309,-0.05519502997227158,-0.35514024654672743,-0.2062033498849649,0.5290394660107807,-0.05292568922888827,1.6203493729889578,0.9572118871604219,1.506013433820783,-0.8156752427415208,-0.08157912171070014,-0.005271502907996027,-0.07980120625616517,0.8669147349529399,0.6547506322233296,0.3814113133081099,0.8065041957079636,1.1844455222633468,0.7032601476650014,0.736157525844417,0.8380684763409485,0.7635983070927157,-0.5059546025467757,-0.6106177090971526,-0.09799139860415007,1.0448903447912825,1.142259774886109,0.5351979773799871,0.7957560990836439,0.5933363307231847,0.7405414567526618,1.4239555090305593,0.6846873758368077,1.5670132662172889,1.3364923870837322,0.8537269918919326,0.7885619187845092,0.871786010853057,1.1849535521311207,-0.7712820781565278,-0.03141083009461201,1.0492654042247767,1.7403679666957919,0.7401146656005424
sad,1.8477787616958132,1.507125282507058,0.3800006764578486,-0.5273794240891218,0.5500548610987447,-0.12056974131876909,0.16826009849012527,-0.26271198299591264,-0.4631286782360356,1.1043839884668916,0.28699554109179254,-0.6983200022837744,-0.4951294627563455,-0.8666295345119233,-2.0655582336986953,-0.6051311586562114,0.7823046565973035,1.4149461240576915,-0.5105175912135136,-0.31357227676418875,0.9589981204270889,0.42258618052629676,-0.6445183649820634,-0.4083657998603295,0.10672348096251137,-0.7202475205047404,-0.698026907917414,-0.4651388441454299,0.7877265143898754,0.765488024803497,-0.1980459729848962,-0.5256925826034171,-0.71198522381606,1.6497825570008768,-0.06774293739554822,-0.5621589002155942,-0.0797394411893059,-0.8928702016440963,1.3039555432344312,1.2958340353524629,1.043324449386143,-0.6780015722389797,0.7288141790199643,1.4389513512283103,0.797843199736905,0.1691831171939803,1.5116028527170797,-1.1001727197035778,-0.45726797785418055,0.7401146656005424
relax,-1.3875006615878347,0.13231111316967614,0.9669409026063485,-0.6763210685374419,1.2918019450717504,1.0024177918222212,1.6775329924234506,1.1894146198600097,0.958022294567959,2.4034189496956038,-0.18976589567574592,0.8955167221136342,-2.014896116175401,1.4627845442347789,-0.86622590640127,-0.7606684016885686,1.8701233346287895,-1.537695836460884,-0.653917465161496,-2.1032324742040682,-0.20022431741728172,-0.974363619515232,-1.404037202346112,-1.1317126527119836,-0.706183633583079,-1.663970461156824,-1.5195095433895465,-0.8529649238578705,1.5323343751585536,1.4534611992670126,0.0018047610935398033,-1.8559600310021338,0.7327560340109301,-1.286995242071608,0.7980808501604539,-0.8633263957394728,1.3298829819798295,0.5915522433176265,1.7275760785551584,1.278622624655848,-1.488130125999744,-0.6068648417029426,-1.0386424811989015,1.4389513512283103,0.47756183577655004,1.003398664917588,0.11228096731489073,-0.914856684771406,-0.676754770109716,-1.4287023350506782
happy,-0.32101688913104726,-0.6136550291283099,0.5340698307624387,0.3465198940257991,-1.113609735238642,-1.5589197475475978,-0.1666266514264139,-0.925820743466094,-1.4435913822205146,-0.23897394017824775,-1.5021438251005357,2.347233554738863,2.1253093119371758,0.06779270245679771,-0.10939478851830879,-1.1469182190822609,0.2906948528249139,0.43487664204088394,0.7618852672093228,1.7608157035719645,0.6547506322233296,-1.7756877476990658,-0.23197936499229996,-0.2217534457218998,0.3186820354142183,1.583636056568922,0.19653650679713758,-0.9270528872022546,-0.12801469387671885,0.1418722109114025,-0.9057624725632158,0.8841422579055787,-0.5422957133878018,-0.443021584743336,-0.28641974931794534,1.3778137141849156,0.5968917697357191,0.7867446879481893,1.2739632993593781,0.908079907203069,1.6059403935558794,0.1734727782361688,0.10660921389280228,0.08298377032016392,0.411096116591224,0.44718587559224116,-0.3920983251380189,0.18668629269175016,-0.16355215407490847,-0.7629059451836033
angry,-1.2120509355894542,-0.5873079331780637,-1.8791012799078048,0.1638706132466492,-1.1738647872863102,1.152943489087295,0.9000197100186401,1.9541489398815066,0.4328330600990965,0.26198710295659844,-1.4507880763921335,0.5593945483628456,0.9614281026455009,-0.714890195435604,-0.7151191385635457,-1.6010144212802182,-2.441190359284117,-0.8784682971406895,0.011879860800718317,0.4108415908163995,-1.9018478496571383,0.43908055928353723,1.0472458640664462,1.6055911583786644,0.15043503179670742,0.9717056710652904,1.1247168441227795,0.6987689267671434,-1.5578242210920186,-1.4822356228842575,0.4477204797726282,0.9371996594778065,1.207438162804213,1.5308680370466794,-0.6275244400700929,0.6333744549743511,-0.8239058672774843,1.1043386741054242,-1.2576594934855971,0.5961241700986599,1.3973604697434123,-0.4919075301577573,1.7029670713420584,-0.6206302262572906,1.0860133583872997,-0.6037282604057996,-1.3917067862181443,1.753713233871858,1.6520716585801554,-1.1024834560735084
angry,-0.5821244296077235,-0.7974750003260612,-1.704054374571217,-0.13619527472724974,-0.5577810198346853,-0.0063142258225912665,0.4475619289722091,0.26886173465340246,-0.7986300689096252,-0.23242706005501365,0.21619024112362586,-0.7574154460946232,-1.488834941552548,-1.0334651622257427,-0.10939478851830879,-0.3772576419975365,0.11442975691981609,-0.44178624282404344,-1.0037241699638744,-0.042161038760457424,-1.9018478496571383,1.5578661521855919,0.09111683029925667,0.23060378937971487,-0.3620353711790172,0.38131438579918614,0.09650877609063772,-0.11984473237441723,-0.2075070190042183,-0.1377897956423678,-0.048061089481120756,0.23990077889111755,-0.20443203161246268,-1.0685614298974841,-1.2746433342494956,-1.1054240189109448,-1.0914505692314016,-0.9164965870853033,-0.9864765729670725,-0.5743365545532313,-0.7913395785640986,1.1170709112054766,-1.1858472971737495,0.5948847867801167,-1.2791516677779555,-0.49352429290856087,-0.23726516090775895,-0.914856684771406,-0.5503439772177843,0.7401146656005424
happy,2.2403874580254914,-2.4536368375804716,1.511193566491507,-0.027114882110669553,0.6563064720260025,0.9673505167373296,1.5897836949865771,0.9677140780929638,-1.187136026721371,-1.4328097086460179,-0.045552767975561195,-0.32846740790440077,-1.175654601601327,-2.3148934650654027,1.7364593771558825,-0.7698321928284959,0.23876565163479588,1.7659876697846852,-0.9236485840410211,0.3791308680928664,-0.5840291665151329,0.3649658366072923,1.5063404209705062,1.3700994968604179,0.418735721283675,-0.07983838936107458,0.7152056049779142,1.3994283961576914,-0.4838246067512061,-0.7771823260660966,0.9371983166971335,0.1479235179836274,-0.049120740789332186,1.7431432370471056,-0.5877342578066842,0.21579825606455916,-0.4363226817899644,-0.6266010909553743,1.5856807811597862,0.08294414968109379,0.89818977381201,0.7222414904465851,0.4310850341438033,1.4389513512283103,0.47756183577655004,0.37215928850185304,-0.8900570654824991,0.5553338611015891,0.002360600707298852,-1.4287023350506782
angry,1.3283176161404733,-1.598738265707581,-0.21766398016511165,-0.7253693690870457,-0.22037399533714866,-0.8981356266669516,1.3623015788976225,-1.1584686833359132,0.6801572991442203,0.6279481208962194,1.7364473935323161,-1.4119394803434486,-2.120707476501255,-0.612874111885098,0.29417578339301254,0.30908619409216326,0.5618780439162334,1.816011631016407,1.0878179898257565,-0.5075390162949361,-1.2099258632833463,-0.5569023222187719,-1.000639760681649,1.0217844088019685,1.1577457592149636,0.049640135600510726,-0.537751783971665,-0.6438542096665187,1.160929751846911,1.2615789071406898,0.15101700465052212,-0.44724111412050094,-0.0923811850789861,0.3233339652873195,-0.663418439068678,-0.5174116605813006,1.6000955161782864,-0.6903059053874362,-0.5638465454988131,-1.291237763943534,-1.0357474015559827,-1.076209022716649,-0.4458458650015896,1.4389513512283103,-1.0894019558399342,-1.3499912966212901,1.1393375066289988,-1.4569272508824769,0.44719189511726115,-1.4287023350506782
relax,0.009537843234099891,-0.7450638460735703,0.4904710054184414,1.0108639651460283,-0.6908023946252269,1.3820683055202099,1.2407425582092677,1.362885204085564,1.4058321729878502,1.5141731911074572,1.7584659021331308,1.017954765951357,0.7537162503322715,-0.030081186874483672,-0.24551345223443746,-0.050949847725093374,0.17654566131817914,0.24353620771422216,-0.6267002192782979,-1.3256090476105993,0.9589981204270889,1.367351254975092,-1.025318555729813,-1.592683446841703,-0.6871486930458272,-1.0419374800629817,-1.6129121510275706,-1.745926800440571,-0.6731238141606116,-0.6155703586834892,-2.0971455014834626,-1.5602061874077153,0.3955820391535655,-1.1430051615664052,-0.24789618442237238,-0.8377930728507358,1.6849776575240807,-0.5310444652680809,-1.1602768946101691,0.41816474502512446,-0.8964951740927708,0.19653875664660728,-1.5029966091580351,0.7284635215797383,0.635600434485268,1.2808203694189635,-1.6544007463969794,1.0492654042247767,-0.8328119210885533,-0.041494244794421674
happy,0.15463488338073386,0.3485924378389276,-0.5734147095094467,0.09619993279322057,-1.7692684363482836,0.4061829773008899,-0.5510544384565937,0.8794626646751219,-0.13294398094233437,0.24836910503335896,0.11348155139382503,-0.1029069489457692,0.4697846902148693,0.29251784991183083,0.644422826460276,0.34494741264275336,0.7823046565973035,0.8148009234696586,0.2466997108998321,1.4271152233495847,-0.017690719589831906,-0.9896493908028208,1.2730884097131305,0.3182142285396567,1.8933714493268128,1.8506056257399521,1.745148774724897,0.891388450730621,-1.9066806219145744,-1.7028344951985317,0.200626461855494,1.8607662717128484,1.0270124840245993,1.1107614109635928,-0.337443400580863,1.615702894222252,-0.9249876902301357,1.783186086730462,1.4488504513471194,0.45029179125123286,0.7120142349172658,0.1603373318449559,1.699693391406622,-0.160694956850132,-0.053863906807501735,-0.27663703412000007,0.22494725453233225,-0.914856684771406,0.7112256136408522,0.3414849881296938
angry,0.6187210830006503,-0.7712803031921901,-1.1634984414532776,-0.5400902706959244,-1.502415626553472,0.7222951671418717,-0.2010519660626515,1.2339356769186087,0.3123058202747248,0.5372821093773623,-0.07751057459301977,0.021950062089881175,0.04063900148565102,-0.24147513007988486,-1.1838407436589213,-0.834023683915615,-0.7743485423433467,1.199646683601948,-0.09386430705206736,1.4044867062161415,-1.4328909161983094,-0.9590655782361945,2.01782154356271,1.1570974187334082,0.305052301941314,1.9279770676203962,2.500692645574635,2.0605055486377593,-2.175924814343982,-2.006835294374791,1.5643219315104382,2.3794875071237986,-1.4589170420137756,-1.286995242071608,-1.4975017335216905,-0.6544027062665728,1.3519884072475155,-0.964455560410485,-1.270071558511113,-1.4119467121245384,-0.39218787642833575,1.1170709112054766,-1.3404417607497296,-0.5139885643313383,-1.9388597449349685,-1.261148696758583,1.5818032480705813,-0.8015825765432635,0.4238896750791091,-1.742081689923591
angry,0.009537843234099891,0.9506041582597181,-0.47770103735314984,-0.7315315139610058,1.2012547732028982,-0.642189867145298,0.043036450758885014,0.9137531862239927,1.1333984574491918,1.0971613444001578,0.20830787683171081,-0.5130449700959299,0.5618301331197381,-0.4412854038096217,0.1555493962102357,0.7644425462940668,0.7191996287070033,0.12068333346659535,-0.5173748774900598,-1.6076984602031554,-1.4328909161983094,-0.12181922292630978,-0.3513720985314425,0.9670260472489965,0.33899734186066355,-1.165073312932103,-0.5750450221094625,0.3834465325594021,0.7390495582797336,0.4692446940194962,0.4969496192148956,-0.8952477236283567,0.49879588225647004,0.4207177443598509,-0.7507098527631232,0.6992044853581838,1.6849776575240807,0.45735789293907236,-0.6901391764235758,-0.6682825672329443,0.25655900638843854,-1.1095563971985223,0.6729979998294694,1.414321911258222,-0.5182165757776293,-1.4096296779020179,1.4614157479834649,1.753713233871858,1.770083770629262,0.3414849881296938
angry,-0.08171084107121351,0.7579019830062679,-1.400075619363059,1.176018477370209,-1.1403550145490524,0.6733417592751878,0.3948768239274553,2.1668986745003167,-0.3731432394373094,1.0035728988239925,0.9517225148502476,0.2210629621717984,-0.0016511518556952866,0.06779270245679771,0.3538459060823399,-0.7423456480459916,-0.16379236740290767,-0.37331715188587433,-1.017033153106513,-0.37819582478709474,-0.017690719589831906,-0.5177728713543124,0.6236328284384619,-0.8943832196980452,-0.036296779397581955,-0.13325364297720077,0.1474901201347817,0.2717564315600586,-1.0988857484517751,-1.2807922965371015,-1.0079269660858383,-0.7518523210396013,-1.2653069726473065,-1.286995242071608,-1.4611809496608668,-1.1913136473438395,-0.5994271979569488,-1.2642184535867214,-1.2576594934855971,-0.4750401315872827,-0.41525374546354593,1.1170709112054766,-0.8564392251276225,-1.1015199197673096,-1.673700849346326,-1.2023268085669392,1.3307563436184346,1.0492654042247767,0.28646561745520516,1.1550259030532832
angry,0.5303467264550915,0.02469585372830004,-1.773567454955419,-0.4712579758614029,-1.6967628491090465,0.6711134729397805,0.8628173995485804,-0.7512093088812071,1.745352683282165,2.717460249822398,-0.7773761560329712,1.3268924219492682,-0.23070813929887724,-0.05666691102949627,1.5477667519946028,0.666567932094463,0.8771499892453523,0.34186854060639027,-0.26870845998870446,-0.18195637493068273,-0.7857385057615964,0.9572498344139438,0.5531997855047901,0.405055032897166,0.9154587085012673,0.8886694482053886,0.7306381142919494,0.4345827378352508,-0.746843951665398,-0.6113246283421023,0.4477204797726282,0.47796209611772206,-0.8435161296736189,0.4501997660001703,1.5256826618183859,0.5875146290392492,-1.1052395932674417,-0.29764756171777784,0.415743901921516,-1.0948073678435144,-1.041712447094393,-1.5413500976846222,-1.3465428335965295,-1.0515012916440856,-1.2481614026298404,-1.7744923110575381,-1.6228270595313863,1.0492654042247767,1.5363066992954209,-1.4287023350506782
sad,-1.8232446641468294,0.8678856020629931,-0.22494660993194243,1.70885035961288,0.7773757937508616,1.8332838998994172,0.8553729119462592,1.0070162117383583,1.6543572246793998,1.8056699890037784,-0.868703244197436,0.7809857767320495,0.47815986822986606,1.0799551403424057,1.2775373533504017,-0.18664611395594366,-1.0156563857884637,-1.920866555871524,0.7251665725545141,-1.195844172783174,2.1050514617993596,-0.033536926870373046,-0.6964186159033399,-0.9959418186864901,-1.015474134902306,-1.3414316101637531,-1.0943108059017301,-0.6866687556570105,0.9058863931994557,0.9470541525982338,0.2501721786313376,-1.8304228578322495,0.6347656285067251,-0.6629165700928089,-1.395718923282558,-0.8761919921294887,-1.3360654178605056,0.7808072098787501,-1.270071558511113,1.5670132662172889,0.3864849881382592,-1.3772175451544308,0.11022793521784913,-1.4001027546473064,-0.6456771748147899,0.9563301428500389,1.7219904922323357,1.0492654042247767,-1.8629141502886652,-1.4287023350506782
sad,-1.6239542396949762,-0.2161593278028755,0.027358551398116854,0.8229596978406725,1.327499423831641,-0.6276732644723398,-0.3198859481871393,0.006446840020201605,0.7646830211074591,1.1260720505661985,-1.8474796593887481,1.7307734746336343,-2.7239630994726207,0.575545739275425,1.236209432956052,1.2158729063824996,-0.7036599806524053,-1.769916493051156,-0.7149916531295613,-1.073786206252372,0.6547506322233296,0.48864727324868235,-0.8720081793003532,-1.5206580245343408,-0.953451312638851,-0.9070675211414587,-0.6980556255483736,-0.288480758249706,1.2217667438812398,1.0963998641225023,0.3984283066747619,-1.1653113181850057,-0.546730479027844,-1.286995242071608,-1.4914176754593849,-0.3166349658642844,0.3357446792906715,1.783186086730462,-0.8658901978624439,-0.65919555823187,0.7581211065116998,-1.6053725877088152,0.18850014855781919,-1.4001027546473064,-0.48115285734346147,1.0968165302356068,-0.041687386746572824,1.0492654042247767,-1.9312877316034125,-0.7629059451836033
angry,1.4637394502768533,1.033520688523633,-1.299029508612643,-1.409976452327194,-0.17046478905160622,-0.3708722663342166,0.6126837214573458,0.22574421393450023,-0.2590913599273023,0.1264410728210019,0.8066540877873334,-0.31172264489099477,-0.9420137016846861,-0.1713391418446278,-0.5151442757298865,0.33598449562913224,0.26991454860715575,1.0941871904548914,0.43379581298320286,-0.45830372266918235,-0.7857385057615964,-0.9972876851256368,-0.6884782559419237,-0.008181586878138967,0.6974101156438552,-0.27067002854688366,-0.7135132056734446,-0.8120863348976113,0.37064261219590916,0.48343367733354103,-0.44932064119718623,-0.5256925826034171,-1.4589170420137756,-0.9357379756097821,1.5256826618183859,-0.052876514208977515,-1.54691643794475,-1.2551517032507502,-1.270071558511113,-1.0790046108275544,-0.19880554481629745,-1.24803790308648,0.44680343561867275,-1.3950482543552938,-1.1536739664783435,-1.231697298414187,-0.2475756411345771,-1.6646308839833956,0.04488359615602894,0.3414849881296938
angry,-0.9997676113965023,-1.9537761346084745,-0.9443361809028812,0.845862740253784,0.019229721179409142,-0.1768671205960702,1.2997225822257708,-0.2580148438014243,0.9519775752575047,1.4845579400564668,1.846326337068577,0.9934896060356083,-0.13724742525630862,-0.13614770228292214,-0.7529963957864482,-0.6599731733471955,0.40519133329325374,-0.71220102488206,-0.5379294263584807,-1.793229556311852,-1.6634429088592775,-0.4942554176410453,-1.382179864844197,1.3700994968604179,0.06232491135356804,-1.3322558712288988,-1.4902111160113936,-0.8250812286773738,1.669980191500452,1.6542098589947076,0.34907295946307837,-1.8812375970971975,-1.4589170420137756,-1.0790680276602351,-1.4975017335216905,-0.6309911777184075,0.5165337962985936,-1.201396921419746,-1.270071558511113,-1.5620002941881685,-0.9306184933270024,1.1170709112054766,-1.0056659153363963,-1.2375374722825687,-2.1942737136639496,-1.898851942686904,0.10202839589933987,-1.4569272508824769,1.0949647479941143,-0.7629059451836033
relax,-1.17327888369045,1.507125282507058,1.9369697902621352,0.004875494943305217,0.5342491117931969,-1.2347289299893536,-1.5885303962937927,2.6986547898350306,1.1576002094928484,2.0944440830924957,-0.33503044994630965,-0.32846740790440077,2.1820228741410626,1.3952304012325132,-0.23581942231279926,1.09232966091722,-1.434136417465416,-1.4967673445877772,1.6089084397820852,0.12180747998771341,1.7600389333453372,-0.7899680842405336,0.8171378938744246,-1.9705179751626223,-0.5386454461496376,-0.004529614238290635,0.5969943766505267,0.8841771889690077,-0.25472518391283555,-0.5027331073221152,0.9858047478852056,0.2865765675520074,-0.9768558289055509,-1.0269546603331836,0.9666006699337566,-0.9547964249319483,-0.11545454849583058,0.8072966844123434,-0.8024320726874851,-0.3427720889570454,-0.16126205541381378,1.1170709112054766,-0.8202892416189401,-1.011195319049742,0.45532293603846374,1.9175855190706907,1.7019810643721347,0.18668629269175016,-2.072105332267109,-2.0431207055320098
sad,-0.7140260557188952,0.8678856020629931,-0.33057307149959214,-0.3883934694900922,-0.6262734180719427,-0.3899327120844864,-1.0732605766943744,-0.9624412918385679,0.8975833812155759,-0.21932243981508107,2.2375722782145835,-0.31172264489099477,-1.6286235483725806,-0.19767875049053316,0.6948835777849858,-1.7594090550362123,-0.46022188050962,-1.0246142498437951,-0.1850021743263452,1.407596760013925,1.7600389333453372,-0.9284325580246183,0.339025026242872,-1.0630202193539589,-1.1862437853637764,1.0433910708458967,0.8328264906144871,0.3671299553020876,-0.2075070190042183,-0.19786246970717386,0.4969496192148956,0.9371996594778065,0.17740651252360443,0.7270717387396954,1.4137599919066868,-1.2649930034783257,0.13768156750495059,-0.9085952286537129,1.702094420730509,-1.4651477460792828,-0.91919401970011,-1.6654086605600151,-1.5677687625469685,1.4389513512283103,-1.340383692212445,1.0268427249723535,0.1737606915017742,-1.8503938215575355,-1.942471776450537,-1.742081689923591
angry,-1.018969326059517,0.9782209996968436,-1.6020927017598614,-1.4684367073690598,-0.32283043319021715,0.13699926770273657,0.8516501634886677,0.03494701074452357,0.1316643716327039,0.5442357127699713,0.6219844567669472,-0.36197452727420576,-0.07787357475645208,-0.31128115002801976,-1.9045414819796762,-1.183848735633103,-1.1257202358807705,-0.9579779381106723,-0.735299439708087,0.5112346592096036,0.8093896282425456,0.8054582489606584,0.03958904688528186,-1.1668079050273163,-1.3423816484544298,0.03878095634143082,0.003180063197524554,0.10811950515717832,0.12495240343717517,0.14958901418863252,0.9371983166971335,0.1479235179836274,0.09573302912217505,0.12052059063964139,0.9324123580306966,1.622403845145732,-0.21232379896582723,0.9287560253529578,-0.2144774596033165,1.0843027428053276,0.6129740023290955,1.1170709112054766,0.5177287966823948,-0.9408747734900474,-1.2481614026298404,-0.49352429290856087,0.49044488210323656,-1.9084756185497005,0.04488359615602894,-2.332299398801043
relax,-0.026909340618963756,0.7579019830062679,0.008895592023243115,-2.167196812803963,1.1747459080692584,0.7467229228780415,-1.159831023376633,0.44683343821851895,-0.5770388357910011,-0.28470059627534605,1.8536327028195476,0.4193844261736117,2.060421025778742,-0.7740813905364883,0.05705080910548816,0.03930503574991658,-0.9655169349793823,-0.5940470115259855,0.2180780948097323,-2.18281729237809,1.2437909622123033,-2.1753463427549473,-0.5899154598277323,-2.581981869060507,-1.930393630027865,-1.8025030021881472,-1.0580568034251758,0.30960729121869873,1.0180688333291181,0.7069818419711424,0.200626461855494,-2.074407497409063,0.4268606502546096,-1.164664656256678,-0.7978458293017898,-1.2649930034783257,1.6849776575240807,-1.2642184535867214,-0.7405453894418358,-1.0372721514186678,-1.4394900175338001,0.6076126358911861,-1.5677687625469685,0.7645984517246294,-1.1854241978205862,2.0227974135051596,-0.3714321877189053,-1.6646308839833956,-0.9979988549263167,-1.1024834560735084
sad,-2.228123916463254,-0.10933112756840359,0.03809530680270551,-0.43610326548700457,1.1158862604113324,-1.0385329043907148,-2.723392965160707,-1.5735073427717439,-0.25308647367942944,0.974891004868207,1.0276822644668446,0.3863849251697917,1.7266282139131726,-1.8021473374300172,-2.0120126609021987,0.37182663821979856,-0.8952046672621156,-2.328594081673665,0.9464586012099274,-0.011848650254578293,1.5104072642422703,-1.8927675740446153,-0.8401854080703197,-0.4404849077821915,-0.1463585766433407,-0.9070675211414587,-0.7092395985440066,-0.8037494068272052,1.1494604518594764,1.148735189571265,0.4969496192148956,-0.48666265513678614,-1.4154321972598871,0.06571732802985242,-0.9747566056337956,-0.15224330238371997,-0.333868352294613,-1.1925441535174643,1.513383266237087,-0.09695512107102942,-1.0777853604822516,-0.47765526225582294,-0.25522299283391897,1.4389513512283103,0.8924753260582966,0.9090197239970172,-0.9108863840952038,0.18668629269175016,-0.32295358023455384,-1.1024834560735084
angry,2.224190296342779,-1.3425437643461786,1.6784553454603512,-0.2901862790192271,0.21047073308563438,1.1703237340370232,-1.081120467849241,0.6113638385703799,0.047427419889888196,0.5651172519274554,-0.09350856491048351,-0.7320803555515136,0.6036100137210726,0.3196970115292268,0.5237493538901196,0.4165937025865494,0.3010893110762356,1.9670641715715003,-0.5105175912135136,-1.3196869247973702,-0.3889320719250584,-0.6037489537019162,0.549663420255443,0.05207752420368434,0.5339359754235448,-0.7797160032408796,0.1002405934901958,0.9457581771388948,-0.1210470640291103,-0.30959810927738657,0.3984283066747619,-0.8242692541529305,-0.32643784684458715,-1.0476745395953126,-0.6998173234149694,0.6612255215037793,0.5069947534675208,-1.2461159278964953,-0.022593235018322017,0.2723539244598573,-0.7218355835832184,1.1170709112054766,-0.2719963996042092,0.2556725351341725,-1.1216671078713272,-0.22313666205949675,-0.4024338887707715,1.0492654042247767,-1.0140564692993677,-0.041494244794421674
